Added Component: Designator=3_1(FP-LW_T6SH_CB-CZEY-FK0PM0-MFG)
Added Component: Designator=100MHZ CLK(FP-ASEM-MFG)
Add component (AddParameter): Name = "Case/Package"; Value = "SMD/SMT"; VariantName = "[No Variations]"
Add component (AddParameter): Name = "Frequency"; Value = "100MHz"; VariantName = "[No Variations]"
Add component (AddParameter): Name = "Frequency Stability"; Value = "50ppm"; VariantName = "[No Variations]"
Add component (AddParameter): Name = "Height"; Value = "0.035inch"; VariantName = "[No Variations]"
Add component (AddParameter): Name = "Lead Free"; Value = "Lead Free"; VariantName = "[No Variations]"
Add component (AddParameter): Name = "Length"; Value = "0.126inch"; VariantName = "[No Variations]"
Add component (AddParameter): Name = "Load Capacitance"; Value = "15pF"; VariantName = "[No Variations]"
Add component (AddParameter): Name = "Max Operating Temperature"; Value = "85°C"; VariantName = "[No Variations]"
Add component (AddParameter): Name = "Max Supply Current"; Value = "10mA"; VariantName = "[No Variations]"
Add component (AddParameter): Name = "Max Supply Voltage"; Value = "3.6V"; VariantName = "[No Variations]"
Add component (AddParameter): Name = "Min Operating Temperature"; Value = "-40°C"; VariantName = "[No Variations]"
Add component (AddParameter): Name = "Min Supply Voltage"; Value = "3V"; VariantName = "[No Variations]"
Add component (AddParameter): Name = "Mount"; Value = "Surface Mount"; VariantName = "[No Variations]"
Add component (AddParameter): Name = "Number of Pins"; Value = "4"; VariantName = "[No Variations]"
Add component (AddParameter): Name = "Operating Supply Voltage"; Value = "3.3V"; VariantName = "[No Variations]"
Add component (AddParameter): Name = "Packaging"; Value = "Tape and Reel"; VariantName = "[No Variations]"
Add component (AddParameter): Name = "Radiation Hardening"; Value = "No"; VariantName = "[No Variations]"
Add component (AddParameter): Name = "Series"; Value = "Pure Silicon™ ASEM"; VariantName = "[No Variations]"
Add component (AddParameter): Name = "Width"; Value = "0.098inch"; VariantName = "[No Variations]"
Added Component: Designator=250 MHZ CLK(FP-SG3225-MFG)
Add component (AddParameter): Name = "Automotive"; Value = "No"; VariantName = "[No Variations]"
Add component (AddParameter): Name = "Category"; Value = "Crys"; VariantName = "[No Variations]"
Add component (AddParameter): Name = "ComponentLink2Description"; Value = "Datasheet"; VariantName = "[No Variations]"
Add component (AddParameter): Name = "ComponentLink2URL"; Value = "https://support.epson.biz/td/api/doc_check.php?dl=brief_SG5032VAN&lang=en"; VariantName = "[No Variations]"
Add component (AddParameter): Name = "Device Class L1"; Value = "Passive Components"; VariantName = "[No Variations]"
Add component (AddParameter): Name = "Device Class L2"; Value = "Crystals / Oscillators"; VariantName = "[No Variations]"
Add component (AddParameter): Name = "Device Class L3"; Value = "Oscillators"; VariantName = "[No Variations]"
Add component (AddParameter): Name = "Digikey Description"; Value = "XTAL OSC XO 250.0000MHZ LVDS SMD"; VariantName = "[No Variations]"
Add component (AddParameter): Name = "Frequency"; Value = "250MHz"; VariantName = "[No Variations]"
Add component (AddParameter): Name = "Height"; Value = "1.2mm"; VariantName = "[No Variations]"
Add component (AddParameter): Name = "Lead Free"; Value = "Yes"; VariantName = "[No Variations]"
Add component (AddParameter): Name = "Manufacturer"; Value = "EPSON"; VariantName = "[No Variations]"
Add component (AddParameter): Name = "Manufacturer Part Number"; Value = "SG3225VAN 250.000000M-KEGA3"; VariantName = "[No Variations]"
Add component (AddParameter): Name = "Max Supply Current"; Value = "30mA"; VariantName = "[No Variations]"
Add component (AddParameter): Name = "Max Supply Voltage"; Value = "3.3V"; VariantName = "[No Variations]"
Add component (AddParameter): Name = "Min Supply Voltage"; Value = "2.5V"; VariantName = "[No Variations]"
Add component (AddParameter): Name = "Mouser Description"; Value = "Standard Clock Oscillators 250MHz 30ppm -40C +85C"; VariantName = "[No Variations]"
Add component (AddParameter): Name = "Octopart"; Value = "https://octopart.com/sg3225van+250.000000m-kega3-epson-56783964"; VariantName = "[No Variations]"
Add component (AddParameter): Name = "Package"; Value = "SG3225"; VariantName = "[No Variations]"
Add component (AddParameter): Name = "RoHS"; Value = "TRUE"; VariantName = "[No Variations]"
Add component (AddParameter): Name = "Series"; Value = "SG3225"; VariantName = "[No Variations]"
Add component (AddParameter): Name = "Temperature"; Value = "-40°C to +85°C"; VariantName = "[No Variations]"
Add component (AddParameter): Name = "Temperature Range High"; Value = "+85°C"; VariantName = "[No Variations]"
Add component (AddParameter): Name = "Temperature Range Low"; Value = "-40°C"; VariantName = "[No Variations]"
Added Component: Designator=300MHZ CLK(JU6_MFG)
Add component (AddParameter): Name = "Case/Package"; Value = "CLCC"; VariantName = "[No Variations]"
Add component (AddParameter): Name = "ComponentLink1Description"; Value = "Manufacturer's Website"; VariantName = "[No Variations]"
Add component (AddParameter): Name = "ComponentLink1URL"; Value = "http://www.renesas.com"; VariantName = "[No Variations]"
Add component (AddParameter): Name = "ComponentLink2Description"; Value = "Datasheet URL"; VariantName = "[No Variations]"
Add component (AddParameter): Name = "ComponentLink2URL"; Value = "https://octopart.com/cad-content/api/get-model-datasheet/15189/106942539"; VariantName = "[No Variations]"
Add component (AddParameter): Name = "ComponentLink3Description"; Value = "Manufacturer's Package Drawing"; VariantName = "[No Variations]"
Add component (AddParameter): Name = "ComponentLink3URL"; Value = "https://www.renesas.com/en/document/psc/ju6-package-outline-70-x-50-mm-body-13-mm-thick"; VariantName = "[No Variations]"
Add component (AddParameter): Name = "Height"; Value = "1.45mm"; VariantName = "[No Variations]"
Add component (AddParameter): Name = "HelpURL"; Value = "https://octopart.com/cad-content/api/get-model-datasheet/15189/106942539"; VariantName = "[No Variations]"
Add component (AddParameter): Name = "Max Input Voltage"; Value = "2.625V"; VariantName = "[No Variations]"
Add component (AddParameter): Name = "Max Operating Temperature"; Value = "85°C"; VariantName = "[No Variations]"
Add component (AddParameter): Name = "Max Output Frequency"; Value = "999.9MHz"; VariantName = "[No Variations]"
Add component (AddParameter): Name = "Min Input Voltage"; Value = "2.375V"; VariantName = "[No Variations]"
Add component (AddParameter): Name = "Min Operating Temperature"; Value = "-40°C"; VariantName = "[No Variations]"
Add component (AddParameter): Name = "Mount"; Value = "Surface Mount"; VariantName = "[No Variations]"
Add component (AddParameter): Name = "Number of Pins"; Value = "6"; VariantName = "[No Variations]"
Add component (AddParameter): Name = "Output Type"; Value = "LVDS"; VariantName = "[No Variations]"
Add component (AddParameter): Name = "RoHS"; Value = "Compliant"; VariantName = "[No Variations]"
Added Component: Designator=B?(SOP80P1176X120-54N)
Add component (AddParameter): Name = "Datasheet Link"; Value = "http://www.issi.com/WW/pdf/42-45S83200J-16160J.pdf"; VariantName = "[No Variations]"
Add component (AddParameter): Name = "Design Item ID"; Value = "IS42S16160J-7TLI"; VariantName = "[No Variations]"
Add component (AddParameter): Name = "Geometry.Height"; Value = "1.2mm"; VariantName = "[No Variations]"
Add component (AddParameter): Name = "Manufacturer_Name"; Value = "Integrated Silicon Solution Inc."; VariantName = "[No Variations]"
Add component (AddParameter): Name = "Manufacturer_Part_Number"; Value = "IS42S16160J-7TLI"; VariantName = "[No Variations]"
Add component (AddParameter): Name = "Mouser Part Number"; Value = "870-IS42S16160J-7TLI"; VariantName = "[No Variations]"
Add component (AddParameter): Name = "Mouser Price/Stock"; Value = "https://www.mouser.co.uk/ProductDetail/ISSI/IS42S16160J-7TLI?qs=uCnMRCNammmen%252BmWnq1g5A%3D%3D"; VariantName = "[No Variations]"
Add component (AddParameter): Name = "Source"; Value = "IS42S16160J-7TLI.SchLib"; VariantName = "[No Variations]"
Added Component: Designator=C7(FP-GRT21B-0_2-IPC_C)
Add component (AddParameter): Name = "Capacitance"; Value = "22uF"; VariantName = "[No Variations]"
Add component (AddParameter): Name = "Case Code (Imperial)"; Value = "0805"; VariantName = "[No Variations]"
Add component (AddParameter): Name = "Case Code (Metric)"; Value = "2012"; VariantName = "[No Variations]"
Add component (AddParameter): Name = "Case/Package"; Value = "0805"; VariantName = "[No Variations]"
Add component (AddParameter): Name = "Length"; Value = "0.079inch"; VariantName = "[No Variations]"
Add component (AddParameter): Name = "Max Operating Temperature"; Value = "85°C"; VariantName = "[No Variations]"
Add component (AddParameter): Name = "Min Operating Temperature"; Value = "-55°C"; VariantName = "[No Variations]"
Add component (AddParameter): Name = "Mount"; Value = "Surface Mount"; VariantName = "[No Variations]"
Add component (AddParameter): Name = "Packaging"; Value = "Tape and Reel"; VariantName = "[No Variations]"
Add component (AddParameter): Name = "Ratings"; Value = "AEC-Q200"; VariantName = "[No Variations]"
Add component (AddParameter): Name = "Thickness"; Value = "0.057inch"; VariantName = "[No Variations]"
Add component (AddParameter): Name = "Tolerance"; Value = "20%"; VariantName = "[No Variations]"
Add component (AddParameter): Name = "Voltage Rating"; Value = "25V"; VariantName = "[No Variations]"
Add component (AddParameter): Name = "Width"; Value = "0.049inch"; VariantName = "[No Variations]"
Added Component: Designator=C8(FP-GRT21B-0_2-IPC_C)
Add component (AddParameter): Name = "Capacitance"; Value = "22uF"; VariantName = "[No Variations]"
Add component (AddParameter): Name = "Case Code (Imperial)"; Value = "0805"; VariantName = "[No Variations]"
Add component (AddParameter): Name = "Case Code (Metric)"; Value = "2012"; VariantName = "[No Variations]"
Add component (AddParameter): Name = "Case/Package"; Value = "0805"; VariantName = "[No Variations]"
Add component (AddParameter): Name = "Length"; Value = "0.079inch"; VariantName = "[No Variations]"
Add component (AddParameter): Name = "Max Operating Temperature"; Value = "85°C"; VariantName = "[No Variations]"
Add component (AddParameter): Name = "Min Operating Temperature"; Value = "-55°C"; VariantName = "[No Variations]"
Add component (AddParameter): Name = "Mount"; Value = "Surface Mount"; VariantName = "[No Variations]"
Add component (AddParameter): Name = "Packaging"; Value = "Tape and Reel"; VariantName = "[No Variations]"
Add component (AddParameter): Name = "Ratings"; Value = "AEC-Q200"; VariantName = "[No Variations]"
Add component (AddParameter): Name = "Thickness"; Value = "0.057inch"; VariantName = "[No Variations]"
Add component (AddParameter): Name = "Tolerance"; Value = "20%"; VariantName = "[No Variations]"
Add component (AddParameter): Name = "Voltage Rating"; Value = "25V"; VariantName = "[No Variations]"
Add component (AddParameter): Name = "Width"; Value = "0.049inch"; VariantName = "[No Variations]"
Added Component: Designator=C9(FP-GRT21B-0_2-IPC_C)
Add component (AddParameter): Name = "Capacitance"; Value = "22uF"; VariantName = "[No Variations]"
Add component (AddParameter): Name = "Case Code (Imperial)"; Value = "0805"; VariantName = "[No Variations]"
Add component (AddParameter): Name = "Case Code (Metric)"; Value = "2012"; VariantName = "[No Variations]"
Add component (AddParameter): Name = "Case/Package"; Value = "0805"; VariantName = "[No Variations]"
Add component (AddParameter): Name = "Length"; Value = "0.079inch"; VariantName = "[No Variations]"
Add component (AddParameter): Name = "Max Operating Temperature"; Value = "85°C"; VariantName = "[No Variations]"
Add component (AddParameter): Name = "Min Operating Temperature"; Value = "-55°C"; VariantName = "[No Variations]"
Add component (AddParameter): Name = "Mount"; Value = "Surface Mount"; VariantName = "[No Variations]"
Add component (AddParameter): Name = "Packaging"; Value = "Tape and Reel"; VariantName = "[No Variations]"
Add component (AddParameter): Name = "Ratings"; Value = "AEC-Q200"; VariantName = "[No Variations]"
Add component (AddParameter): Name = "Thickness"; Value = "0.057inch"; VariantName = "[No Variations]"
Add component (AddParameter): Name = "Tolerance"; Value = "20%"; VariantName = "[No Variations]"
Add component (AddParameter): Name = "Voltage Rating"; Value = "25V"; VariantName = "[No Variations]"
Add component (AddParameter): Name = "Width"; Value = "0.049inch"; VariantName = "[No Variations]"
Added Component: Designator=C10(FP-GRT21B-0_2-IPC_C)
Add component (AddParameter): Name = "Capacitance"; Value = "22uF"; VariantName = "[No Variations]"
Add component (AddParameter): Name = "Case Code (Imperial)"; Value = "0805"; VariantName = "[No Variations]"
Add component (AddParameter): Name = "Case Code (Metric)"; Value = "2012"; VariantName = "[No Variations]"
Add component (AddParameter): Name = "Case/Package"; Value = "0805"; VariantName = "[No Variations]"
Add component (AddParameter): Name = "Length"; Value = "0.079inch"; VariantName = "[No Variations]"
Add component (AddParameter): Name = "Max Operating Temperature"; Value = "85°C"; VariantName = "[No Variations]"
Add component (AddParameter): Name = "Min Operating Temperature"; Value = "-55°C"; VariantName = "[No Variations]"
Add component (AddParameter): Name = "Mount"; Value = "Surface Mount"; VariantName = "[No Variations]"
Add component (AddParameter): Name = "Packaging"; Value = "Tape and Reel"; VariantName = "[No Variations]"
Add component (AddParameter): Name = "Ratings"; Value = "AEC-Q200"; VariantName = "[No Variations]"
Add component (AddParameter): Name = "Thickness"; Value = "0.057inch"; VariantName = "[No Variations]"
Add component (AddParameter): Name = "Tolerance"; Value = "20%"; VariantName = "[No Variations]"
Add component (AddParameter): Name = "Voltage Rating"; Value = "25V"; VariantName = "[No Variations]"
Add component (AddParameter): Name = "Width"; Value = "0.049inch"; VariantName = "[No Variations]"
Added Component: Designator=C?(FP-C1608-080-0_1-IPC_B)
Add component (AddParameter): Name = "Capacitance"; Value = "1uF"; VariantName = "[No Variations]"
Add component (AddParameter): Name = "Case Code (Imperial)"; Value = "0603"; VariantName = "[No Variations]"
Add component (AddParameter): Name = "Case Code (Metric)"; Value = "1608"; VariantName = "[No Variations]"
Add component (AddParameter): Name = "Case/Package"; Value = "0603"; VariantName = "[No Variations]"
Add component (AddParameter): Name = "Construction"; Value = "Flat"; VariantName = "[No Variations]"
Add component (AddParameter): Name = "Depth"; Value = "0.8mm"; VariantName = "[No Variations]"
Add component (AddParameter): Name = "Dielectric"; Value = "X5R"; VariantName = "[No Variations]"
Add component (AddParameter): Name = "Dielectric Material"; Value = "Ceramic"; VariantName = "[No Variations]"
Add component (AddParameter): Name = "Height"; Value = "0.8mm"; VariantName = "[No Variations]"
Add component (AddParameter): Name = "Lead Free"; Value = "Lead Free"; VariantName = "[No Variations]"
Add component (AddParameter): Name = "Length"; Value = "1.6mm"; VariantName = "[No Variations]"
Add component (AddParameter): Name = "Max Operating Temperature"; Value = "85°C"; VariantName = "[No Variations]"
Add component (AddParameter): Name = "Min Operating Temperature"; Value = "-55°C"; VariantName = "[No Variations]"
Add component (AddParameter): Name = "Mount"; Value = "Surface Mount"; VariantName = "[No Variations]"
Add component (AddParameter): Name = "Number of Pins"; Value = "2"; VariantName = "[No Variations]"
Add component (AddParameter): Name = "Package Quantity"; Value = "1"; VariantName = "[No Variations]"
Add component (AddParameter): Name = "Packaging"; Value = "Tape and Reel"; VariantName = "[No Variations]"
Add component (AddParameter): Name = "Radiation Hardening"; Value = "No"; VariantName = "[No Variations]"
Add component (AddParameter): Name = "REACH SVHC"; Value = "No SVHC"; VariantName = "[No Variations]"
Add component (AddParameter): Name = "Resistor Type"; Value = "Ceramic"; VariantName = "[No Variations]"
Add component (AddParameter): Name = "RoHS Compliant"; Value = "Yes"; VariantName = "[No Variations]"
Add component (AddParameter): Name = "Series"; Value = "C"; VariantName = "[No Variations]"
Add component (AddParameter): Name = "Termination"; Value = "SMD/SMT"; VariantName = "[No Variations]"
Add component (AddParameter): Name = "Thickness"; Value = "0.035inch"; VariantName = "[No Variations]"
Add component (AddParameter): Name = "Tolerance"; Value = "10%"; VariantName = "[No Variations]"
Add component (AddParameter): Name = "Voltage"; Value = "50V"; VariantName = "[No Variations]"
Add component (AddParameter): Name = "Voltage Rating"; Value = "50V"; VariantName = "[No Variations]"
Add component (AddParameter): Name = "Voltage Rating (DC)"; Value = "50V"; VariantName = "[No Variations]"
Add component (AddParameter): Name = "Weight"; Value = "7.1E-05oz"; VariantName = "[No Variations]"
Add component (AddParameter): Name = "Width"; Value = "0.031inch"; VariantName = "[No Variations]"
Added Component: Designator=C_CLK_1(CAPC2013X145X50NL20T25)
Add component (AddParameter): Name = "Manufacturer"; Value = "Kemet"; VariantName = "[No Variations]"
Add component (AddParameter): Name = "Part Number"; Value = "C0805C105K8PACTU"; VariantName = "[No Variations]"
Added Component: Designator=C_CLK_3(CAPC2013X145X50NL20T25)
Add component (AddParameter): Name = "Manufacturer"; Value = "Kemet"; VariantName = "[No Variations]"
Add component (AddParameter): Name = "Part Number"; Value = "C0805C105K8PACTU"; VariantName = "[No Variations]"
Added Component: Designator=C_CLK_4(FP-GRM033-0_03-MFG)
Add component (AddParameter): Name = "Capacitance"; Value = "100nF"; VariantName = "[No Variations]"
Add component (AddParameter): Name = "Case Code (Imperial)"; Value = "0201"; VariantName = "[No Variations]"
Add component (AddParameter): Name = "Case Code (Metric)"; Value = "0603"; VariantName = "[No Variations]"
Add component (AddParameter): Name = "Case/Package"; Value = "0201"; VariantName = "[No Variations]"
Add component (AddParameter): Name = "Dielectric"; Value = "X7S"; VariantName = "[No Variations]"
Add component (AddParameter): Name = "Height"; Value = "0.3mm"; VariantName = "[No Variations]"
Add component (AddParameter): Name = "Length"; Value = "0.024inch"; VariantName = "[No Variations]"
Add component (AddParameter): Name = "Max Operating Temperature"; Value = "125°C"; VariantName = "[No Variations]"
Add component (AddParameter): Name = "Min Operating Temperature"; Value = "-55°C"; VariantName = "[No Variations]"
Add component (AddParameter): Name = "Mount"; Value = "Surface Mount"; VariantName = "[No Variations]"
Add component (AddParameter): Name = "Package Quantity"; Value = "15000"; VariantName = "[No Variations]"
Add component (AddParameter): Name = "Packaging"; Value = "Tape and Reel"; VariantName = "[No Variations]"
Add component (AddParameter): Name = "Termination"; Value = "SMD/SMT"; VariantName = "[No Variations]"
Add component (AddParameter): Name = "Thickness"; Value = "0.013inch"; VariantName = "[No Variations]"
Add component (AddParameter): Name = "Tolerance"; Value = "10%"; VariantName = "[No Variations]"
Add component (AddParameter): Name = "Voltage Rating"; Value = "16V"; VariantName = "[No Variations]"
Add component (AddParameter): Name = "Voltage Rating (DC)"; Value = "16V"; VariantName = "[No Variations]"
Add component (AddParameter): Name = "Weight"; Value = "1.2E-05oz"; VariantName = "[No Variations]"
Add component (AddParameter): Name = "Width"; Value = "0.3mm"; VariantName = "[No Variations]"
Added Component: Designator=C_CLK_t5(CAPC2013X145X50NL20T25)
Add component (AddParameter): Name = "Manufacturer"; Value = "Kemet"; VariantName = "[No Variations]"
Add component (AddParameter): Name = "Part Number"; Value = "C0805C105K8PACTU"; VariantName = "[No Variations]"
Added Component: Designator=C_CLK(FP-GRM033-0_03-MFG)
Add component (AddParameter): Name = "Capacitance"; Value = "100nF"; VariantName = "[No Variations]"
Add component (AddParameter): Name = "Case Code (Imperial)"; Value = "0201"; VariantName = "[No Variations]"
Add component (AddParameter): Name = "Case Code (Metric)"; Value = "0603"; VariantName = "[No Variations]"
Add component (AddParameter): Name = "Case/Package"; Value = "0201"; VariantName = "[No Variations]"
Add component (AddParameter): Name = "Dielectric"; Value = "X7S"; VariantName = "[No Variations]"
Add component (AddParameter): Name = "Height"; Value = "0.3mm"; VariantName = "[No Variations]"
Add component (AddParameter): Name = "Length"; Value = "0.024inch"; VariantName = "[No Variations]"
Add component (AddParameter): Name = "Max Operating Temperature"; Value = "125°C"; VariantName = "[No Variations]"
Add component (AddParameter): Name = "Min Operating Temperature"; Value = "-55°C"; VariantName = "[No Variations]"
Add component (AddParameter): Name = "Mount"; Value = "Surface Mount"; VariantName = "[No Variations]"
Add component (AddParameter): Name = "Package Quantity"; Value = "15000"; VariantName = "[No Variations]"
Add component (AddParameter): Name = "Packaging"; Value = "Tape and Reel"; VariantName = "[No Variations]"
Add component (AddParameter): Name = "Termination"; Value = "SMD/SMT"; VariantName = "[No Variations]"
Add component (AddParameter): Name = "Thickness"; Value = "0.013inch"; VariantName = "[No Variations]"
Add component (AddParameter): Name = "Tolerance"; Value = "10%"; VariantName = "[No Variations]"
Add component (AddParameter): Name = "Voltage Rating"; Value = "16V"; VariantName = "[No Variations]"
Add component (AddParameter): Name = "Voltage Rating (DC)"; Value = "16V"; VariantName = "[No Variations]"
Add component (AddParameter): Name = "Weight"; Value = "1.2E-05oz"; VariantName = "[No Variations]"
Add component (AddParameter): Name = "Width"; Value = "0.3mm"; VariantName = "[No Variations]"
Added Component: Designator=C_CLKt(FP-GRM033-0_03-MFG)
Add component (AddParameter): Name = "Capacitance"; Value = "100nF"; VariantName = "[No Variations]"
Add component (AddParameter): Name = "Case Code (Imperial)"; Value = "0201"; VariantName = "[No Variations]"
Add component (AddParameter): Name = "Case Code (Metric)"; Value = "0603"; VariantName = "[No Variations]"
Add component (AddParameter): Name = "Case/Package"; Value = "0201"; VariantName = "[No Variations]"
Add component (AddParameter): Name = "Dielectric"; Value = "X7S"; VariantName = "[No Variations]"
Add component (AddParameter): Name = "Height"; Value = "0.3mm"; VariantName = "[No Variations]"
Add component (AddParameter): Name = "Length"; Value = "0.024inch"; VariantName = "[No Variations]"
Add component (AddParameter): Name = "Max Operating Temperature"; Value = "125°C"; VariantName = "[No Variations]"
Add component (AddParameter): Name = "Min Operating Temperature"; Value = "-55°C"; VariantName = "[No Variations]"
Add component (AddParameter): Name = "Mount"; Value = "Surface Mount"; VariantName = "[No Variations]"
Add component (AddParameter): Name = "Package Quantity"; Value = "15000"; VariantName = "[No Variations]"
Add component (AddParameter): Name = "Packaging"; Value = "Tape and Reel"; VariantName = "[No Variations]"
Add component (AddParameter): Name = "Termination"; Value = "SMD/SMT"; VariantName = "[No Variations]"
Add component (AddParameter): Name = "Thickness"; Value = "0.013inch"; VariantName = "[No Variations]"
Add component (AddParameter): Name = "Tolerance"; Value = "10%"; VariantName = "[No Variations]"
Add component (AddParameter): Name = "Voltage Rating"; Value = "16V"; VariantName = "[No Variations]"
Add component (AddParameter): Name = "Voltage Rating (DC)"; Value = "16V"; VariantName = "[No Variations]"
Add component (AddParameter): Name = "Weight"; Value = "1.2E-05oz"; VariantName = "[No Variations]"
Add component (AddParameter): Name = "Width"; Value = "0.3mm"; VariantName = "[No Variations]"
Added Component: Designator=C_FGPA9\(CAPC1005X55X30NL05T10)
Add component (AddParameter): Name = "Manufacturer"; Value = "Kemet"; VariantName = "[No Variations]"
Add component (AddParameter): Name = "Part Number"; Value = "C0402C104Z8VACTU"; VariantName = "[No Variations]"
Added Component: Designator=C_FPGA1(CAPC1005X55X30NL05T10)
Add component (AddParameter): Name = "Manufacturer"; Value = "Kemet"; VariantName = "[No Variations]"
Add component (AddParameter): Name = "Part Number"; Value = "C0402C104Z8VACTU"; VariantName = "[No Variations]"
Added Component: Designator=C_FPGA2(CAPC1005X55X30NL05T10)
Add component (AddParameter): Name = "Manufacturer"; Value = "Kemet"; VariantName = "[No Variations]"
Add component (AddParameter): Name = "Part Number"; Value = "C0402C104Z8VACTU"; VariantName = "[No Variations]"
Added Component: Designator=C_FPGA3(CAPC1005X55X30NL05T10)
Add component (AddParameter): Name = "Manufacturer"; Value = "Kemet"; VariantName = "[No Variations]"
Add component (AddParameter): Name = "Part Number"; Value = "C0402C104Z8VACTU"; VariantName = "[No Variations]"
Added Component: Designator=C_FPGA4(CAPC1005X55X30NL05T10)
Add component (AddParameter): Name = "Manufacturer"; Value = "Kemet"; VariantName = "[No Variations]"
Add component (AddParameter): Name = "Part Number"; Value = "C0402C104Z8VACTU"; VariantName = "[No Variations]"
Added Component: Designator=C_FPGA5(CAPC1005X55X30NL05T10)
Add component (AddParameter): Name = "Manufacturer"; Value = "Kemet"; VariantName = "[No Variations]"
Add component (AddParameter): Name = "Part Number"; Value = "C0402C104Z8VACTU"; VariantName = "[No Variations]"
Added Component: Designator=C_FPGA6(CAPC1005X55X30NL05T10)
Add component (AddParameter): Name = "Manufacturer"; Value = "Kemet"; VariantName = "[No Variations]"
Add component (AddParameter): Name = "Part Number"; Value = "C0402C104Z8VACTU"; VariantName = "[No Variations]"
Added Component: Designator=C_FPGA7(CAPC1005X55X30NL05T10)
Add component (AddParameter): Name = "Manufacturer"; Value = "Kemet"; VariantName = "[No Variations]"
Add component (AddParameter): Name = "Part Number"; Value = "C0402C104Z8VACTU"; VariantName = "[No Variations]"
Added Component: Designator=C_FPGA8(CAPC1005X55X30NL05T10)
Add component (AddParameter): Name = "Manufacturer"; Value = "Kemet"; VariantName = "[No Variations]"
Add component (AddParameter): Name = "Part Number"; Value = "C0402C104Z8VACTU"; VariantName = "[No Variations]"
Added Component: Designator=C_FPGA_10(CAPC1005X55X30NL05T10)
Add component (AddParameter): Name = "Manufacturer"; Value = "Kemet"; VariantName = "[No Variations]"
Add component (AddParameter): Name = "Part Number"; Value = "C0402C104Z8VACTU"; VariantName = "[No Variations]"
Added Component: Designator=C_RAM3(CAPC1005X55X30NL05T10)
Add component (AddParameter): Name = "Manufacturer"; Value = "Kemet"; VariantName = "[No Variations]"
Add component (AddParameter): Name = "Part Number"; Value = "C0402C104Z8VACTU"; VariantName = "[No Variations]"
Added Component: Designator=C_RAM4(CAPC1005X55X30NL05T10)
Add component (AddParameter): Name = "Manufacturer"; Value = "Kemet"; VariantName = "[No Variations]"
Add component (AddParameter): Name = "Part Number"; Value = "C0402C104Z8VACTU"; VariantName = "[No Variations]"
Added Component: Designator=C_RAM5(CAPC1005X55X30NL05T10)
Add component (AddParameter): Name = "Manufacturer"; Value = "Kemet"; VariantName = "[No Variations]"
Add component (AddParameter): Name = "Part Number"; Value = "C0402C104Z8VACTU"; VariantName = "[No Variations]"
Added Component: Designator=C_RAM6(CAPC1005X55X30NL05T10)
Add component (AddParameter): Name = "Manufacturer"; Value = "Kemet"; VariantName = "[No Variations]"
Add component (AddParameter): Name = "Part Number"; Value = "C0402C104Z8VACTU"; VariantName = "[No Variations]"
Added Component: Designator=C_RAM7(CAPC1005X55X30NL05T10)
Add component (AddParameter): Name = "Manufacturer"; Value = "Kemet"; VariantName = "[No Variations]"
Add component (AddParameter): Name = "Part Number"; Value = "C0402C104Z8VACTU"; VariantName = "[No Variations]"
Added Component: Designator=C_RAM_1(CAPC1005X55X30NL05T10)
Add component (AddParameter): Name = "Manufacturer"; Value = "Kemet"; VariantName = "[No Variations]"
Add component (AddParameter): Name = "Part Number"; Value = "C0402C104Z8VACTU"; VariantName = "[No Variations]"
Added Component: Designator=C_RAM_2(CAPC1005X55X30NL05T10)
Add component (AddParameter): Name = "Manufacturer"; Value = "Kemet"; VariantName = "[No Variations]"
Add component (AddParameter): Name = "Part Number"; Value = "C0402C104Z8VACTU"; VariantName = "[No Variations]"
Added Component: Designator=CJ_1(CAPC1206(3216)170_L)
Add component (AddParameter): Name = "Case-EIA"; Value = "1206"; VariantName = "[No Variations]"
Add component (AddParameter): Name = "Case-Metric"; Value = "3216"; VariantName = "[No Variations]"
Add component (AddParameter): Name = "Max Thickness"; Value = "1.7 mm"; VariantName = "[No Variations]"
Add component (AddParameter): Name = "Rated Voltage"; Value = "25 V"; VariantName = "[No Variations]"
Add component (AddParameter): Name = "Technology"; Value = "SMT"; VariantName = "[No Variations]"
Add component (AddParameter): Name = "Tolerance"; Value = "Â±5%"; VariantName = "[No Variations]"
Add component (AddParameter): Name = "Value"; Value = "100nF"; VariantName = "[No Variations]"
Added Component: Designator=CJ_2(CAPC1206(3216)170_L)
Add component (AddParameter): Name = "Case-EIA"; Value = "1206"; VariantName = "[No Variations]"
Add component (AddParameter): Name = "Case-Metric"; Value = "3216"; VariantName = "[No Variations]"
Add component (AddParameter): Name = "Max Thickness"; Value = "1.7 mm"; VariantName = "[No Variations]"
Add component (AddParameter): Name = "Rated Voltage"; Value = "25 V"; VariantName = "[No Variations]"
Add component (AddParameter): Name = "Technology"; Value = "SMT"; VariantName = "[No Variations]"
Add component (AddParameter): Name = "Tolerance"; Value = "Â±5%"; VariantName = "[No Variations]"
Add component (AddParameter): Name = "Value"; Value = "100nF"; VariantName = "[No Variations]"
Added Component: Designator=CU_1(CAPC1206(3216)170_L)
Add component (AddParameter): Name = "Case-EIA"; Value = "1206"; VariantName = "[No Variations]"
Add component (AddParameter): Name = "Case-Metric"; Value = "3216"; VariantName = "[No Variations]"
Add component (AddParameter): Name = "Max Thickness"; Value = "1.7 mm"; VariantName = "[No Variations]"
Add component (AddParameter): Name = "Rated Voltage"; Value = "25 V"; VariantName = "[No Variations]"
Add component (AddParameter): Name = "Technology"; Value = "SMT"; VariantName = "[No Variations]"
Add component (AddParameter): Name = "Tolerance"; Value = "Â±5%"; VariantName = "[No Variations]"
Add component (AddParameter): Name = "Value"; Value = "100nF"; VariantName = "[No Variations]"
Added Component: Designator=D1_1(FP-LW_T6SH_CB-CZEY-FK0PM0-MFG)
Added Component: Designator=D1(ONSC-SOD-123-2-425-04_V)
Add component (AddParameter): Name = "ComponentLink1Description"; Value = "Manufacturer URL"; VariantName = "[No Variations]"
Add component (AddParameter): Name = "ComponentLink1URL"; Value = "http://www.onsemi.com/"; VariantName = "[No Variations]"
Add component (AddParameter): Name = "ComponentLink2Description"; Value = "Datasheet"; VariantName = "[No Variations]"
Add component (AddParameter): Name = "ComponentLink2URL"; Value = "http://www.onsemi.com/pub_link/Collateral/MMSZ4678T1-D.PDF"; VariantName = "[No Variations]"
Add component (AddParameter): Name = "ComponentLink3Description"; Value = "Package Specification"; VariantName = "[No Variations]"
Add component (AddParameter): Name = "ComponentLink3URL"; Value = "http://www.onsemi.com/pub_link/Collateral/425-04.PDF"; VariantName = "[No Variations]"
Add component (AddParameter): Name = "DatasheetVersion"; Value = "Rev. 9"; VariantName = "[No Variations]"
Add component (AddParameter): Name = "Manufacturer"; Value = "On Semiconductor"; VariantName = "[No Variations]"
Add component (AddParameter): Name = "Mounting Technology"; Value = "Surface Mount"; VariantName = "[No Variations]"
Add component (AddParameter): Name = "P Max (W)"; Value = "0.5"; VariantName = "[No Variations]"
Add component (AddParameter): Name = "PackageDescription"; Value = "2-Pin SOD, Body 1.6 x 2.69 mm"; VariantName = "[No Variations]"
Add component (AddParameter): Name = "PackageReference"; Value = "SOD-123-2-425-04"; VariantName = "[No Variations]"
Add component (AddParameter): Name = "PackageVersion"; Value = "Rev. G, 10/2009"; VariantName = "[No Variations]"
Add component (AddParameter): Name = "Packing"; Value = "Tape and Reel"; VariantName = "[No Variations]"
Add component (AddParameter): Name = "PartNumber"; Value = "SZMMSZ4678T1G"; VariantName = "[No Variations]"
Add component (AddParameter): Name = "RoHS"; Value = "Pb-Free"; VariantName = "[No Variations]"
Add component (AddParameter): Name = "VZ Typ (V)"; Value = "1.8"; VariantName = "[No Variations]"
Added Component: Designator=D2_1(FP-LW_T6SH_CB-CZEY-FK0PM0-MFG)
Added Component: Designator=D2(ONSC-SOT-23-3-318-08_V)
Add component (AddParameter): Name = "ComponentLink1Description"; Value = "Manufacturer URL"; VariantName = "[No Variations]"
Add component (AddParameter): Name = "ComponentLink1URL"; Value = "http://www.onsemi.com/"; VariantName = "[No Variations]"
Add component (AddParameter): Name = "ComponentLink2Description"; Value = "Datasheet"; VariantName = "[No Variations]"
Add component (AddParameter): Name = "ComponentLink2URL"; Value = "http://www.onsemi.cn/pub_link/Collateral/MMBZ5221BLT1-D.PDF"; VariantName = "[No Variations]"
Add component (AddParameter): Name = "ComponentLink3Description"; Value = "Package Specification"; VariantName = "[No Variations]"
Add component (AddParameter): Name = "ComponentLink3URL"; Value = "http://www.onsemi.cn/pub_link/Collateral/318-08.PDF"; VariantName = "[No Variations]"
Add component (AddParameter): Name = "DatasheetVersion"; Value = "Rev. 12"; VariantName = "[No Variations]"
Add component (AddParameter): Name = "Manufacturer"; Value = "On Semiconductor"; VariantName = "[No Variations]"
Add component (AddParameter): Name = "Mounting Technology"; Value = "Surface Mount"; VariantName = "[No Variations]"
Add component (AddParameter): Name = "PackageDescription"; Value = "3-Pin Small Outline Transistor, Body 2.92 x 1.3 mm, Pitch 0.95 mm"; VariantName = "[No Variations]"
Add component (AddParameter): Name = "PackageReference"; Value = "SOT-23-3-318-08"; VariantName = "[No Variations]"
Add component (AddParameter): Name = "PackageVersion"; Value = "Rev. AP, 11/2009"; VariantName = "[No Variations]"
Add component (AddParameter): Name = "Packing"; Value = "Tape and Reel"; VariantName = "[No Variations]"
Add component (AddParameter): Name = "PartNumber"; Value = "MMBZ5223BLT1G"; VariantName = "[No Variations]"
Add component (AddParameter): Name = "RoHS"; Value = "Pb-Free"; VariantName = "[No Variations]"
Add component (AddParameter): Name = "VZ Typ (V)"; Value = "2.7"; VariantName = "[No Variations]"
Added Component: Designator=D3(WL-SMCW_0603_150060xx75000)
Add component (AddParameter): Name = "Case Code (Imperial)"; Value = "0603"; VariantName = "[No Variations]"
Add component (AddParameter): Name = "Case Code (Metric)"; Value = "1608"; VariantName = "[No Variations]"
Add component (AddParameter): Name = "Case/Package"; Value = "0603"; VariantName = "[No Variations]"
Add component (AddParameter): Name = "Color"; Value = "Green"; VariantName = "[No Variations]"
Add component (AddParameter): Name = "Dominant Wavelength"; Value = "570nm"; VariantName = "[No Variations]"
Add component (AddParameter): Name = "Forward Current"; Value = "100mA"; VariantName = "[No Variations]"
Add component (AddParameter): Name = "Forward Voltage"; Value = "2V"; VariantName = "[No Variations]"
Add component (AddParameter): Name = "Height"; Value = "700µm"; VariantName = "[No Variations]"
Add component (AddParameter): Name = "Length"; Value = "1.6mm"; VariantName = "[No Variations]"
Add component (AddParameter): Name = "Lens Style"; Value = "Clear, Rectangular"; VariantName = "[No Variations]"
Add component (AddParameter): Name = "Luminous Intensity"; Value = "40mcd"; VariantName = "[No Variations]"
Add component (AddParameter): Name = "Max Junction Temperature (Tj)"; Value = "95°C"; VariantName = "[No Variations]"
Add component (AddParameter): Name = "Max Operating Temperature"; Value = "85°C"; VariantName = "[No Variations]"
Add component (AddParameter): Name = "Max Reverse Voltage (DC)"; Value = "5V"; VariantName = "[No Variations]"
Add component (AddParameter): Name = "Min Operating Temperature"; Value = "-40°C"; VariantName = "[No Variations]"
Add component (AddParameter): Name = "Mount"; Value = "Surface Mount"; VariantName = "[No Variations]"
Add component (AddParameter): Name = "Number of Pins"; Value = "2"; VariantName = "[No Variations]"
Add component (AddParameter): Name = "Packaging"; Value = "Tape and Reel"; VariantName = "[No Variations]"
Add component (AddParameter): Name = "Peak Wavelength"; Value = "572nm"; VariantName = "[No Variations]"
Add component (AddParameter): Name = "Power Dissipation"; Value = "72mW"; VariantName = "[No Variations]"
Add component (AddParameter): Name = "REACH SVHC"; Value = "Unknown"; VariantName = "[No Variations]"
Add component (AddParameter): Name = "Reverse Voltage"; Value = "5V"; VariantName = "[No Variations]"
Add component (AddParameter): Name = "RoHS"; Value = "Compliant"; VariantName = "[No Variations]"
Add component (AddParameter): Name = "Test Current"; Value = "20mA"; VariantName = "[No Variations]"
Add component (AddParameter): Name = "Viewing Angle"; Value = "140°"; VariantName = "[No Variations]"
Add component (AddParameter): Name = "Wavelength"; Value = "570nm"; VariantName = "[No Variations]"
Add component (AddParameter): Name = "Width"; Value = "800µm"; VariantName = "[No Variations]"
Added Component: Designator=D4_1(FP-LW_T6SH_CB-CZEY-FK0PM0-MFG)
Added Component: Designator=D4(WL-SMCW_0603_150060xx75000)
Add component (AddParameter): Name = "Case Code (Imperial)"; Value = "0603"; VariantName = "[No Variations]"
Add component (AddParameter): Name = "Case Code (Metric)"; Value = "1608"; VariantName = "[No Variations]"
Add component (AddParameter): Name = "Case/Package"; Value = "0603"; VariantName = "[No Variations]"
Add component (AddParameter): Name = "Color"; Value = "Green"; VariantName = "[No Variations]"
Add component (AddParameter): Name = "Dominant Wavelength"; Value = "570nm"; VariantName = "[No Variations]"
Add component (AddParameter): Name = "Forward Current"; Value = "100mA"; VariantName = "[No Variations]"
Add component (AddParameter): Name = "Forward Voltage"; Value = "2V"; VariantName = "[No Variations]"
Add component (AddParameter): Name = "Height"; Value = "700µm"; VariantName = "[No Variations]"
Add component (AddParameter): Name = "Length"; Value = "1.6mm"; VariantName = "[No Variations]"
Add component (AddParameter): Name = "Lens Style"; Value = "Clear, Rectangular"; VariantName = "[No Variations]"
Add component (AddParameter): Name = "Luminous Intensity"; Value = "40mcd"; VariantName = "[No Variations]"
Add component (AddParameter): Name = "Max Junction Temperature (Tj)"; Value = "95°C"; VariantName = "[No Variations]"
Add component (AddParameter): Name = "Max Operating Temperature"; Value = "85°C"; VariantName = "[No Variations]"
Add component (AddParameter): Name = "Max Reverse Voltage (DC)"; Value = "5V"; VariantName = "[No Variations]"
Add component (AddParameter): Name = "Min Operating Temperature"; Value = "-40°C"; VariantName = "[No Variations]"
Add component (AddParameter): Name = "Mount"; Value = "Surface Mount"; VariantName = "[No Variations]"
Add component (AddParameter): Name = "Number of Pins"; Value = "2"; VariantName = "[No Variations]"
Add component (AddParameter): Name = "Packaging"; Value = "Tape and Reel"; VariantName = "[No Variations]"
Add component (AddParameter): Name = "Peak Wavelength"; Value = "572nm"; VariantName = "[No Variations]"
Add component (AddParameter): Name = "Power Dissipation"; Value = "72mW"; VariantName = "[No Variations]"
Add component (AddParameter): Name = "REACH SVHC"; Value = "Unknown"; VariantName = "[No Variations]"
Add component (AddParameter): Name = "Reverse Voltage"; Value = "5V"; VariantName = "[No Variations]"
Add component (AddParameter): Name = "RoHS"; Value = "Compliant"; VariantName = "[No Variations]"
Add component (AddParameter): Name = "Test Current"; Value = "20mA"; VariantName = "[No Variations]"
Add component (AddParameter): Name = "Viewing Angle"; Value = "140°"; VariantName = "[No Variations]"
Add component (AddParameter): Name = "Wavelength"; Value = "570nm"; VariantName = "[No Variations]"
Add component (AddParameter): Name = "Width"; Value = "800µm"; VariantName = "[No Variations]"
Added Component: Designator=D5_1(FP-LW_T6SH_CB-CZEY-FK0PM0-MFG)
Added Component: Designator=D6_1(FP-LW_T6SH_CB-CZEY-FK0PM0-MFG)
Added Component: Designator=D7_1(FP-LW_T6SH_CB-CZEY-FK0PM0-MFG)
Added Component: Designator=D8_1(FP-LW_T6SH_CB-CZEY-FK0PM0-MFG)
Added Component: Designator=D9_1(FP-LW_T6SH_CB-CZEY-FK0PM0-MFG)
Add component: Footprint Not Found SOP80P1176X120-54N
Added Component: Designator=DS1(FP-LTST-C190GKT-MFG)
Add component (AddParameter): Name = "Case Code (Imperial)"; Value = "0603"; VariantName = "[No Variations]"
Add component (AddParameter): Name = "Case Code (Metric)"; Value = "1608"; VariantName = "[No Variations]"
Add component (AddParameter): Name = "Case/Package"; Value = "0603"; VariantName = "[No Variations]"
Add component (AddParameter): Name = "Color"; Value = "Green"; VariantName = "[No Variations]"
Add component (AddParameter): Name = "Depth"; Value = "0.8mm"; VariantName = "[No Variations]"
Add component (AddParameter): Name = "Dominant Wavelength"; Value = "569nm"; VariantName = "[No Variations]"
Add component (AddParameter): Name = "Forward Current"; Value = "30mA"; VariantName = "[No Variations]"
Add component (AddParameter): Name = "Forward Voltage"; Value = "2.1V"; VariantName = "[No Variations]"
Add component (AddParameter): Name = "Height"; Value = "0.8mm"; VariantName = "[No Variations]"
Add component (AddParameter): Name = "Illumination Color"; Value = "Green"; VariantName = "[No Variations]"
Add component (AddParameter): Name = "Lead Free"; Value = "Lead Free"; VariantName = "[No Variations]"
Add component (AddParameter): Name = "Length"; Value = "1.6mm"; VariantName = "[No Variations]"
Add component (AddParameter): Name = "Lens Color"; Value = "Colorless"; VariantName = "[No Variations]"
Add component (AddParameter): Name = "Lens Style"; Value = "Clear"; VariantName = "[No Variations]"
Add component (AddParameter): Name = "Lens Transparency"; Value = "Clear"; VariantName = "[No Variations]"
Add component (AddParameter): Name = "Luminous Intensity"; Value = "6mcd"; VariantName = "[No Variations]"
Add component (AddParameter): Name = "Max Operating Temperature"; Value = "85°C"; VariantName = "[No Variations]"
Add component (AddParameter): Name = "Min Operating Temperature"; Value = "-55°C"; VariantName = "[No Variations]"
Add component (AddParameter): Name = "Mount"; Value = "Surface Mount"; VariantName = "[No Variations]"
Add component (AddParameter): Name = "Number of Elements"; Value = "1"; VariantName = "[No Variations]"
Add component (AddParameter): Name = "Number of LEDs"; Value = "1"; VariantName = "[No Variations]"
Add component (AddParameter): Name = "Number of Pins"; Value = "2"; VariantName = "[No Variations]"
Add component (AddParameter): Name = "Package Quantity"; Value = "1"; VariantName = "[No Variations]"
Add component (AddParameter): Name = "Packaging"; Value = "Tape and Reel"; VariantName = "[No Variations]"
Add component (AddParameter): Name = "Power Dissipation"; Value = "100mW"; VariantName = "[No Variations]"
Add component (AddParameter): Name = "Power Rating"; Value = "100mW"; VariantName = "[No Variations]"
Add component (AddParameter): Name = "Radiation Hardening"; Value = "No"; VariantName = "[No Variations]"
Add component (AddParameter): Name = "Reverse Voltage"; Value = "5V"; VariantName = "[No Variations]"
Add component (AddParameter): Name = "Test Current"; Value = "10mA"; VariantName = "[No Variations]"
Add component (AddParameter): Name = "Viewing Angle"; Value = "130°"; VariantName = "[No Variations]"
Add component (AddParameter): Name = "Voltage"; Value = "2V"; VariantName = "[No Variations]"
Add component (AddParameter): Name = "Wavelength"; Value = "565nm"; VariantName = "[No Variations]"
Add component (AddParameter): Name = "Width"; Value = "0.8mm"; VariantName = "[No Variations]"
Add component: Footprint Not Found SON127P800X600X80-9N-D
Add component: Footprint Not Found QFP50P2200X2200X165-145N
Added Component: Designator=J1(FP-USB4085-GF-A-MFG)
Add component (AddParameter): Name = "Contact Material"; Value = "Copper Alloy"; VariantName = "[No Variations]"
Add component (AddParameter): Name = "Contact Plating"; Value = "Gold"; VariantName = "[No Variations]"
Add component (AddParameter): Name = "Gender"; Value = "Receptacle"; VariantName = "[No Variations]"
Add component (AddParameter): Name = "Number of Positions"; Value = "16"; VariantName = "[No Variations]"
Add component (AddParameter): Name = "Orientation"; Value = "Right Angle"; VariantName = "[No Variations]"
Add component (AddParameter): Name = "USB Standard"; Value = "USB 2.0"; VariantName = "[No Variations]"
Add component: Footprint Not Found BUS_PCIexpress_x4
Added Component: Designator=J_1(FP-LQG15HH_02-MFG)
Add component (AddParameter): Name = "Case Code (Imperial)"; Value = "0402"; VariantName = "[No Variations]"
Add component (AddParameter): Name = "Case Code (Metric)"; Value = "1005"; VariantName = "[No Variations]"
Add component (AddParameter): Name = "Case/Package"; Value = "0402"; VariantName = "[No Variations]"
Add component (AddParameter): Name = "Core Material"; Value = "Air"; VariantName = "[No Variations]"
Add component (AddParameter): Name = "Current Rating"; Value = "300mA"; VariantName = "[No Variations]"
Add component (AddParameter): Name = "DC Current"; Value = "300mA"; VariantName = "[No Variations]"
Add component (AddParameter): Name = "DC Resistance (DCR)"; Value = "330mR"; VariantName = "[No Variations]"
Add component (AddParameter): Name = "Depth"; Value = "0.55mm"; VariantName = "[No Variations]"
Add component (AddParameter): Name = "Height"; Value = "0.02inch"; VariantName = "[No Variations]"
Add component (AddParameter): Name = "Height - Seated (Max)"; Value = "0.022inch"; VariantName = "[No Variations]"
Add component (AddParameter): Name = "Inductance"; Value = "8.2nH"; VariantName = "[No Variations]"
Add component (AddParameter): Name = "Inductance Tolerance"; Value = "5%"; VariantName = "[No Variations]"
Add component (AddParameter): Name = "Lead Free"; Value = "Lead Free"; VariantName = "[No Variations]"
Add component (AddParameter): Name = "Length"; Value = "1mm"; VariantName = "[No Variations]"
Add component (AddParameter): Name = "Max DC Current"; Value = "300mA"; VariantName = "[No Variations]"
Add component (AddParameter): Name = "Max Operating Temperature"; Value = "125°C"; VariantName = "[No Variations]"
Add component (AddParameter): Name = "Military Standard"; Value = "Not"; VariantName = "[No Variations]"
Add component (AddParameter): Name = "Min Operating Temperature"; Value = "-55°C"; VariantName = "[No Variations]"
Add component (AddParameter): Name = "Mount"; Value = "Surface Mount"; VariantName = "[No Variations]"
Add component (AddParameter): Name = "Package Quantity"; Value = "1"; VariantName = "[No Variations]"
Add component (AddParameter): Name = "Packaging"; Value = "Tape and Reel"; VariantName = "[No Variations]"
Add component (AddParameter): Name = "Q Factor"; Value = "8"; VariantName = "[No Variations]"
Add component (AddParameter): Name = "Radiation Hardening"; Value = "No"; VariantName = "[No Variations]"
Add component (AddParameter): Name = "REACH SVHC"; Value = "No SVHC"; VariantName = "[No Variations]"
Add component (AddParameter): Name = "Self Resonant Frequency"; Value = "3.6GHz"; VariantName = "[No Variations]"
Add component (AddParameter): Name = "Shielding"; Value = "Unshielded"; VariantName = "[No Variations]"
Add component (AddParameter): Name = "Termination"; Value = "SMD/SMT"; VariantName = "[No Variations]"
Add component (AddParameter): Name = "Test Frequency"; Value = "100MHz"; VariantName = "[No Variations]"
Add component (AddParameter): Name = "Tolerance"; Value = "5%"; VariantName = "[No Variations]"
Add component (AddParameter): Name = "Width"; Value = "0.5mm"; VariantName = "[No Variations]"
Added Component: Designator=L1(FP-MLP2012M-IPC_C)
Add component (AddParameter): Name = "Case Code (Imperial)"; Value = "0805"; VariantName = "[No Variations]"
Add component (AddParameter): Name = "Case Code (Metric)"; Value = "2012"; VariantName = "[No Variations]"
Add component (AddParameter): Name = "Case/Package"; Value = "0805"; VariantName = "[No Variations]"
Add component (AddParameter): Name = "Core Material"; Value = "Ferrite"; VariantName = "[No Variations]"
Add component (AddParameter): Name = "Current Rating"; Value = "1A"; VariantName = "[No Variations]"
Add component (AddParameter): Name = "DC Resistance (DCR)"; Value = "195mR"; VariantName = "[No Variations]"
Add component (AddParameter): Name = "Height - Seated (Max)"; Value = "0.039inch"; VariantName = "[No Variations]"
Add component (AddParameter): Name = "Inductance"; Value = "2.2uH"; VariantName = "[No Variations]"
Add component (AddParameter): Name = "Lead Free"; Value = "Lead Free"; VariantName = "[No Variations]"
Add component (AddParameter): Name = "Length"; Value = "0.079inch"; VariantName = "[No Variations]"
Add component (AddParameter): Name = "Max Operating Temperature"; Value = "125°C"; VariantName = "[No Variations]"
Add component (AddParameter): Name = "Min Operating Temperature"; Value = "-40°C"; VariantName = "[No Variations]"
Add component (AddParameter): Name = "Mount"; Value = "Surface Mount"; VariantName = "[No Variations]"
Add component (AddParameter): Name = "Package Quantity"; Value = "4000"; VariantName = "[No Variations]"
Add component (AddParameter): Name = "Packaging"; Value = "Tape and Reel"; VariantName = "[No Variations]"
Add component (AddParameter): Name = "RoHS Compliant"; Value = "Yes"; VariantName = "[No Variations]"
Add component (AddParameter): Name = "Shielding"; Value = "Shielded"; VariantName = "[No Variations]"
Add component (AddParameter): Name = "Test Frequency"; Value = "2MHz"; VariantName = "[No Variations]"
Add component (AddParameter): Name = "Tolerance"; Value = "20%"; VariantName = "[No Variations]"
Add component (AddParameter): Name = "Width"; Value = "0.049inch"; VariantName = "[No Variations]"
Added Component: Designator=L2(FP-MLP2012M-IPC_C)
Add component (AddParameter): Name = "Case Code (Imperial)"; Value = "0805"; VariantName = "[No Variations]"
Add component (AddParameter): Name = "Case Code (Metric)"; Value = "2012"; VariantName = "[No Variations]"
Add component (AddParameter): Name = "Case/Package"; Value = "0805"; VariantName = "[No Variations]"
Add component (AddParameter): Name = "Core Material"; Value = "Ferrite"; VariantName = "[No Variations]"
Add component (AddParameter): Name = "Current Rating"; Value = "1A"; VariantName = "[No Variations]"
Add component (AddParameter): Name = "DC Resistance (DCR)"; Value = "195mR"; VariantName = "[No Variations]"
Add component (AddParameter): Name = "Height - Seated (Max)"; Value = "0.039inch"; VariantName = "[No Variations]"
Add component (AddParameter): Name = "Inductance"; Value = "2.2uH"; VariantName = "[No Variations]"
Add component (AddParameter): Name = "Lead Free"; Value = "Lead Free"; VariantName = "[No Variations]"
Add component (AddParameter): Name = "Length"; Value = "0.079inch"; VariantName = "[No Variations]"
Add component (AddParameter): Name = "Max Operating Temperature"; Value = "125°C"; VariantName = "[No Variations]"
Add component (AddParameter): Name = "Min Operating Temperature"; Value = "-40°C"; VariantName = "[No Variations]"
Add component (AddParameter): Name = "Mount"; Value = "Surface Mount"; VariantName = "[No Variations]"
Add component (AddParameter): Name = "Package Quantity"; Value = "4000"; VariantName = "[No Variations]"
Add component (AddParameter): Name = "Packaging"; Value = "Tape and Reel"; VariantName = "[No Variations]"
Add component (AddParameter): Name = "RoHS Compliant"; Value = "Yes"; VariantName = "[No Variations]"
Add component (AddParameter): Name = "Shielding"; Value = "Shielded"; VariantName = "[No Variations]"
Add component (AddParameter): Name = "Test Frequency"; Value = "2MHz"; VariantName = "[No Variations]"
Add component (AddParameter): Name = "Tolerance"; Value = "20%"; VariantName = "[No Variations]"
Add component (AddParameter): Name = "Width"; Value = "0.049inch"; VariantName = "[No Variations]"
Added Component: Designator=M1_1(FP-S-03946-MFG)
Add component (AddParameter): Name = "Automotive"; Value = "No"; VariantName = "[No Variations]"
Add component (AddParameter): Name = "Category"; Value = "Trans"; VariantName = "[No Variations]"
Add component (AddParameter): Name = "ComponentLink2Description"; Value = "Datasheet"; VariantName = "[No Variations]"
Add component (AddParameter): Name = "ComponentLink2URL"; Value = "https://www.vishay.com/docs/63302/si2342ds.pdf"; VariantName = "[No Variations]"
Add component (AddParameter): Name = "Continuous Drain Current"; Value = "6A"; VariantName = "[No Variations]"
Add component (AddParameter): Name = "Depletion Mode"; Value = "False"; VariantName = "[No Variations]"
Add component (AddParameter): Name = "Device Class L1"; Value = "Discrete Semiconductors"; VariantName = "[No Variations]"
Add component (AddParameter): Name = "Device Class L2"; Value = "Transistors"; VariantName = "[No Variations]"
Add component (AddParameter): Name = "Device Class L3"; Value = "MOSFETs"; VariantName = "[No Variations]"
Add component (AddParameter): Name = "Digikey Description"; Value = "MOSFET N-CH 8V 6A SOT-23"; VariantName = "[No Variations]"
Add component (AddParameter): Name = "Drain To Source Breakdown Voltage"; Value = "8V"; VariantName = "[No Variations]"
Add component (AddParameter): Name = "Drain To Source Resistance"; Value = "0.014O"; VariantName = "[No Variations]"
Add component (AddParameter): Name = "Drain To Source Voltage"; Value = "8V"; VariantName = "[No Variations]"
Add component (AddParameter): Name = "Gate Charge At Vgs"; Value = "10.5nC @ 4.5V"; VariantName = "[No Variations]"
Add component (AddParameter): Name = "Gate To Source Voltage"; Value = "5V"; VariantName = "[No Variations]"
Add component (AddParameter): Name = "Height"; Value = "1.12mm"; VariantName = "[No Variations]"
Add component (AddParameter): Name = "Input Capacitace At Vds"; Value = "1070pF @ 4V"; VariantName = "[No Variations]"
Add component (AddParameter): Name = "Ipc Land Pattern Name"; Value = "SOT95P237X100-3"; VariantName = "[No Variations]"
Add component (AddParameter): Name = "Lead Free"; Value = "Yes"; VariantName = "[No Variations]"
Add component (AddParameter): Name = "Manufacturer"; Value = "Vishay"; VariantName = "[No Variations]"
Add component (AddParameter): Name = "Manufacturer Part Number"; Value = "SI2342DS-T1-GE3"; VariantName = "[No Variations]"
Add component (AddParameter): Name = "Max Forward Diode Voltage"; Value = "1.2V"; VariantName = "[No Variations]"
Add component (AddParameter): Name = "Max Junction Temp"; Value = "+150°C"; VariantName = "[No Variations]"
Add component (AddParameter): Name = "Mouser Description"; Value = "MOSFET 8V 6A 2.5"; VariantName = "[No Variations]"
Add component (AddParameter): Name = "Number Of Channels"; Value = "1"; VariantName = "[No Variations]"
Add component (AddParameter): Name = "Number Of N Channels"; Value = "1"; VariantName = "[No Variations]"
Add component (AddParameter): Name = "Octopart"; Value = "https://octopart.com/si2342ds-t1-ge3-vishay-45050957"; VariantName = "[No Variations]"
Add component (AddParameter): Name = "Package"; Value = "S-03946"; VariantName = "[No Variations]"
Add component (AddParameter): Name = "Power Dissipation"; Value = "1.3W"; VariantName = "[No Variations]"
Add component (AddParameter): Name = "Pulse Drain Current"; Value = "30A"; VariantName = "[No Variations]"
Add component (AddParameter): Name = "Reverse Recovery Charge"; Value = "17nC"; VariantName = "[No Variations]"
Add component (AddParameter): Name = "Reverse Recovery Time"; Value = "40ns"; VariantName = "[No Variations]"
Add component (AddParameter): Name = "RoHS"; Value = "TRUE"; VariantName = "[No Variations]"
Add component (AddParameter): Name = "Rthja Max"; Value = "75°C/W"; VariantName = "[No Variations]"
Add component (AddParameter): Name = "Standoff Height"; Value = "0.01mm"; VariantName = "[No Variations]"
Add component (AddParameter): Name = "Temperature"; Value = "-55°C to +150°C"; VariantName = "[No Variations]"
Add component (AddParameter): Name = "Temperature Range High"; Value = "+150°C"; VariantName = "[No Variations]"
Add component (AddParameter): Name = "Temperature Range Low"; Value = "-55°C"; VariantName = "[No Variations]"
Add component (AddParameter): Name = "Threshold Vgs Max"; Value = "0.8V"; VariantName = "[No Variations]"
Add component (AddParameter): Name = "Threshold Vgs Min"; Value = "0.35V"; VariantName = "[No Variations]"
Add component (AddParameter): Name = "Transconductance"; Value = "75S"; VariantName = "[No Variations]"
Add component (AddParameter): Name = "Turn Off Delay Time"; Value = "65ns"; VariantName = "[No Variations]"
Add component (AddParameter): Name = "Turn On Delay Time"; Value = "6ns"; VariantName = "[No Variations]"
Add component (AddParameter): Name = "Typ Forward Diode Voltage"; Value = "0.82V"; VariantName = "[No Variations]"
Added Component: Designator=M2_1(FP-S-03946-MFG)
Add component (AddParameter): Name = "Automotive"; Value = "No"; VariantName = "[No Variations]"
Add component (AddParameter): Name = "Category"; Value = "Trans"; VariantName = "[No Variations]"
Add component (AddParameter): Name = "ComponentLink2Description"; Value = "Datasheet"; VariantName = "[No Variations]"
Add component (AddParameter): Name = "ComponentLink2URL"; Value = "https://www.vishay.com/docs/63302/si2342ds.pdf"; VariantName = "[No Variations]"
Add component (AddParameter): Name = "Continuous Drain Current"; Value = "6A"; VariantName = "[No Variations]"
Add component (AddParameter): Name = "Depletion Mode"; Value = "False"; VariantName = "[No Variations]"
Add component (AddParameter): Name = "Device Class L1"; Value = "Discrete Semiconductors"; VariantName = "[No Variations]"
Add component (AddParameter): Name = "Device Class L2"; Value = "Transistors"; VariantName = "[No Variations]"
Add component (AddParameter): Name = "Device Class L3"; Value = "MOSFETs"; VariantName = "[No Variations]"
Add component (AddParameter): Name = "Digikey Description"; Value = "MOSFET N-CH 8V 6A SOT-23"; VariantName = "[No Variations]"
Add component (AddParameter): Name = "Drain To Source Breakdown Voltage"; Value = "8V"; VariantName = "[No Variations]"
Add component (AddParameter): Name = "Drain To Source Resistance"; Value = "0.014O"; VariantName = "[No Variations]"
Add component (AddParameter): Name = "Drain To Source Voltage"; Value = "8V"; VariantName = "[No Variations]"
Add component (AddParameter): Name = "Gate Charge At Vgs"; Value = "10.5nC @ 4.5V"; VariantName = "[No Variations]"
Add component (AddParameter): Name = "Gate To Source Voltage"; Value = "5V"; VariantName = "[No Variations]"
Add component (AddParameter): Name = "Height"; Value = "1.12mm"; VariantName = "[No Variations]"
Add component (AddParameter): Name = "Input Capacitace At Vds"; Value = "1070pF @ 4V"; VariantName = "[No Variations]"
Add component (AddParameter): Name = "Ipc Land Pattern Name"; Value = "SOT95P237X100-3"; VariantName = "[No Variations]"
Add component (AddParameter): Name = "Lead Free"; Value = "Yes"; VariantName = "[No Variations]"
Add component (AddParameter): Name = "Manufacturer"; Value = "Vishay"; VariantName = "[No Variations]"
Add component (AddParameter): Name = "Manufacturer Part Number"; Value = "SI2342DS-T1-GE3"; VariantName = "[No Variations]"
Add component (AddParameter): Name = "Max Forward Diode Voltage"; Value = "1.2V"; VariantName = "[No Variations]"
Add component (AddParameter): Name = "Max Junction Temp"; Value = "+150°C"; VariantName = "[No Variations]"
Add component (AddParameter): Name = "Mouser Description"; Value = "MOSFET 8V 6A 2.5"; VariantName = "[No Variations]"
Add component (AddParameter): Name = "Number Of Channels"; Value = "1"; VariantName = "[No Variations]"
Add component (AddParameter): Name = "Number Of N Channels"; Value = "1"; VariantName = "[No Variations]"
Add component (AddParameter): Name = "Octopart"; Value = "https://octopart.com/si2342ds-t1-ge3-vishay-45050957"; VariantName = "[No Variations]"
Add component (AddParameter): Name = "Package"; Value = "S-03946"; VariantName = "[No Variations]"
Add component (AddParameter): Name = "Power Dissipation"; Value = "1.3W"; VariantName = "[No Variations]"
Add component (AddParameter): Name = "Pulse Drain Current"; Value = "30A"; VariantName = "[No Variations]"
Add component (AddParameter): Name = "Reverse Recovery Charge"; Value = "17nC"; VariantName = "[No Variations]"
Add component (AddParameter): Name = "Reverse Recovery Time"; Value = "40ns"; VariantName = "[No Variations]"
Add component (AddParameter): Name = "RoHS"; Value = "TRUE"; VariantName = "[No Variations]"
Add component (AddParameter): Name = "Rthja Max"; Value = "75°C/W"; VariantName = "[No Variations]"
Add component (AddParameter): Name = "Standoff Height"; Value = "0.01mm"; VariantName = "[No Variations]"
Add component (AddParameter): Name = "Temperature"; Value = "-55°C to +150°C"; VariantName = "[No Variations]"
Add component (AddParameter): Name = "Temperature Range High"; Value = "+150°C"; VariantName = "[No Variations]"
Add component (AddParameter): Name = "Temperature Range Low"; Value = "-55°C"; VariantName = "[No Variations]"
Add component (AddParameter): Name = "Threshold Vgs Max"; Value = "0.8V"; VariantName = "[No Variations]"
Add component (AddParameter): Name = "Threshold Vgs Min"; Value = "0.35V"; VariantName = "[No Variations]"
Add component (AddParameter): Name = "Transconductance"; Value = "75S"; VariantName = "[No Variations]"
Add component (AddParameter): Name = "Turn Off Delay Time"; Value = "65ns"; VariantName = "[No Variations]"
Add component (AddParameter): Name = "Turn On Delay Time"; Value = "6ns"; VariantName = "[No Variations]"
Add component (AddParameter): Name = "Typ Forward Diode Voltage"; Value = "0.82V"; VariantName = "[No Variations]"
Added Component: Designator=M3_1(FP-S-03946-MFG)
Add component (AddParameter): Name = "Automotive"; Value = "No"; VariantName = "[No Variations]"
Add component (AddParameter): Name = "Category"; Value = "Trans"; VariantName = "[No Variations]"
Add component (AddParameter): Name = "ComponentLink2Description"; Value = "Datasheet"; VariantName = "[No Variations]"
Add component (AddParameter): Name = "ComponentLink2URL"; Value = "https://www.vishay.com/docs/63302/si2342ds.pdf"; VariantName = "[No Variations]"
Add component (AddParameter): Name = "Continuous Drain Current"; Value = "6A"; VariantName = "[No Variations]"
Add component (AddParameter): Name = "Depletion Mode"; Value = "False"; VariantName = "[No Variations]"
Add component (AddParameter): Name = "Device Class L1"; Value = "Discrete Semiconductors"; VariantName = "[No Variations]"
Add component (AddParameter): Name = "Device Class L2"; Value = "Transistors"; VariantName = "[No Variations]"
Add component (AddParameter): Name = "Device Class L3"; Value = "MOSFETs"; VariantName = "[No Variations]"
Add component (AddParameter): Name = "Digikey Description"; Value = "MOSFET N-CH 8V 6A SOT-23"; VariantName = "[No Variations]"
Add component (AddParameter): Name = "Drain To Source Breakdown Voltage"; Value = "8V"; VariantName = "[No Variations]"
Add component (AddParameter): Name = "Drain To Source Resistance"; Value = "0.014O"; VariantName = "[No Variations]"
Add component (AddParameter): Name = "Drain To Source Voltage"; Value = "8V"; VariantName = "[No Variations]"
Add component (AddParameter): Name = "Gate Charge At Vgs"; Value = "10.5nC @ 4.5V"; VariantName = "[No Variations]"
Add component (AddParameter): Name = "Gate To Source Voltage"; Value = "5V"; VariantName = "[No Variations]"
Add component (AddParameter): Name = "Height"; Value = "1.12mm"; VariantName = "[No Variations]"
Add component (AddParameter): Name = "Input Capacitace At Vds"; Value = "1070pF @ 4V"; VariantName = "[No Variations]"
Add component (AddParameter): Name = "Ipc Land Pattern Name"; Value = "SOT95P237X100-3"; VariantName = "[No Variations]"
Add component (AddParameter): Name = "Lead Free"; Value = "Yes"; VariantName = "[No Variations]"
Add component (AddParameter): Name = "Manufacturer"; Value = "Vishay"; VariantName = "[No Variations]"
Add component (AddParameter): Name = "Manufacturer Part Number"; Value = "SI2342DS-T1-GE3"; VariantName = "[No Variations]"
Add component (AddParameter): Name = "Max Forward Diode Voltage"; Value = "1.2V"; VariantName = "[No Variations]"
Add component (AddParameter): Name = "Max Junction Temp"; Value = "+150°C"; VariantName = "[No Variations]"
Add component (AddParameter): Name = "Mouser Description"; Value = "MOSFET 8V 6A 2.5"; VariantName = "[No Variations]"
Add component (AddParameter): Name = "Number Of Channels"; Value = "1"; VariantName = "[No Variations]"
Add component (AddParameter): Name = "Number Of N Channels"; Value = "1"; VariantName = "[No Variations]"
Add component (AddParameter): Name = "Octopart"; Value = "https://octopart.com/si2342ds-t1-ge3-vishay-45050957"; VariantName = "[No Variations]"
Add component (AddParameter): Name = "Package"; Value = "S-03946"; VariantName = "[No Variations]"
Add component (AddParameter): Name = "Power Dissipation"; Value = "1.3W"; VariantName = "[No Variations]"
Add component (AddParameter): Name = "Pulse Drain Current"; Value = "30A"; VariantName = "[No Variations]"
Add component (AddParameter): Name = "Reverse Recovery Charge"; Value = "17nC"; VariantName = "[No Variations]"
Add component (AddParameter): Name = "Reverse Recovery Time"; Value = "40ns"; VariantName = "[No Variations]"
Add component (AddParameter): Name = "RoHS"; Value = "TRUE"; VariantName = "[No Variations]"
Add component (AddParameter): Name = "Rthja Max"; Value = "75°C/W"; VariantName = "[No Variations]"
Add component (AddParameter): Name = "Standoff Height"; Value = "0.01mm"; VariantName = "[No Variations]"
Add component (AddParameter): Name = "Temperature"; Value = "-55°C to +150°C"; VariantName = "[No Variations]"
Add component (AddParameter): Name = "Temperature Range High"; Value = "+150°C"; VariantName = "[No Variations]"
Add component (AddParameter): Name = "Temperature Range Low"; Value = "-55°C"; VariantName = "[No Variations]"
Add component (AddParameter): Name = "Threshold Vgs Max"; Value = "0.8V"; VariantName = "[No Variations]"
Add component (AddParameter): Name = "Threshold Vgs Min"; Value = "0.35V"; VariantName = "[No Variations]"
Add component (AddParameter): Name = "Transconductance"; Value = "75S"; VariantName = "[No Variations]"
Add component (AddParameter): Name = "Turn Off Delay Time"; Value = "65ns"; VariantName = "[No Variations]"
Add component (AddParameter): Name = "Turn On Delay Time"; Value = "6ns"; VariantName = "[No Variations]"
Add component (AddParameter): Name = "Typ Forward Diode Voltage"; Value = "0.82V"; VariantName = "[No Variations]"
Added Component: Designator=M4_1(FP-S-03946-MFG)
Add component (AddParameter): Name = "Automotive"; Value = "No"; VariantName = "[No Variations]"
Add component (AddParameter): Name = "Category"; Value = "Trans"; VariantName = "[No Variations]"
Add component (AddParameter): Name = "ComponentLink2Description"; Value = "Datasheet"; VariantName = "[No Variations]"
Add component (AddParameter): Name = "ComponentLink2URL"; Value = "https://www.vishay.com/docs/63302/si2342ds.pdf"; VariantName = "[No Variations]"
Add component (AddParameter): Name = "Continuous Drain Current"; Value = "6A"; VariantName = "[No Variations]"
Add component (AddParameter): Name = "Depletion Mode"; Value = "False"; VariantName = "[No Variations]"
Add component (AddParameter): Name = "Device Class L1"; Value = "Discrete Semiconductors"; VariantName = "[No Variations]"
Add component (AddParameter): Name = "Device Class L2"; Value = "Transistors"; VariantName = "[No Variations]"
Add component (AddParameter): Name = "Device Class L3"; Value = "MOSFETs"; VariantName = "[No Variations]"
Add component (AddParameter): Name = "Digikey Description"; Value = "MOSFET N-CH 8V 6A SOT-23"; VariantName = "[No Variations]"
Add component (AddParameter): Name = "Drain To Source Breakdown Voltage"; Value = "8V"; VariantName = "[No Variations]"
Add component (AddParameter): Name = "Drain To Source Resistance"; Value = "0.014O"; VariantName = "[No Variations]"
Add component (AddParameter): Name = "Drain To Source Voltage"; Value = "8V"; VariantName = "[No Variations]"
Add component (AddParameter): Name = "Gate Charge At Vgs"; Value = "10.5nC @ 4.5V"; VariantName = "[No Variations]"
Add component (AddParameter): Name = "Gate To Source Voltage"; Value = "5V"; VariantName = "[No Variations]"
Add component (AddParameter): Name = "Height"; Value = "1.12mm"; VariantName = "[No Variations]"
Add component (AddParameter): Name = "Input Capacitace At Vds"; Value = "1070pF @ 4V"; VariantName = "[No Variations]"
Add component (AddParameter): Name = "Ipc Land Pattern Name"; Value = "SOT95P237X100-3"; VariantName = "[No Variations]"
Add component (AddParameter): Name = "Lead Free"; Value = "Yes"; VariantName = "[No Variations]"
Add component (AddParameter): Name = "Manufacturer"; Value = "Vishay"; VariantName = "[No Variations]"
Add component (AddParameter): Name = "Manufacturer Part Number"; Value = "SI2342DS-T1-GE3"; VariantName = "[No Variations]"
Add component (AddParameter): Name = "Max Forward Diode Voltage"; Value = "1.2V"; VariantName = "[No Variations]"
Add component (AddParameter): Name = "Max Junction Temp"; Value = "+150°C"; VariantName = "[No Variations]"
Add component (AddParameter): Name = "Mouser Description"; Value = "MOSFET 8V 6A 2.5"; VariantName = "[No Variations]"
Add component (AddParameter): Name = "Number Of Channels"; Value = "1"; VariantName = "[No Variations]"
Add component (AddParameter): Name = "Number Of N Channels"; Value = "1"; VariantName = "[No Variations]"
Add component (AddParameter): Name = "Octopart"; Value = "https://octopart.com/si2342ds-t1-ge3-vishay-45050957"; VariantName = "[No Variations]"
Add component (AddParameter): Name = "Package"; Value = "S-03946"; VariantName = "[No Variations]"
Add component (AddParameter): Name = "Power Dissipation"; Value = "1.3W"; VariantName = "[No Variations]"
Add component (AddParameter): Name = "Pulse Drain Current"; Value = "30A"; VariantName = "[No Variations]"
Add component (AddParameter): Name = "Reverse Recovery Charge"; Value = "17nC"; VariantName = "[No Variations]"
Add component (AddParameter): Name = "Reverse Recovery Time"; Value = "40ns"; VariantName = "[No Variations]"
Add component (AddParameter): Name = "RoHS"; Value = "TRUE"; VariantName = "[No Variations]"
Add component (AddParameter): Name = "Rthja Max"; Value = "75°C/W"; VariantName = "[No Variations]"
Add component (AddParameter): Name = "Standoff Height"; Value = "0.01mm"; VariantName = "[No Variations]"
Add component (AddParameter): Name = "Temperature"; Value = "-55°C to +150°C"; VariantName = "[No Variations]"
Add component (AddParameter): Name = "Temperature Range High"; Value = "+150°C"; VariantName = "[No Variations]"
Add component (AddParameter): Name = "Temperature Range Low"; Value = "-55°C"; VariantName = "[No Variations]"
Add component (AddParameter): Name = "Threshold Vgs Max"; Value = "0.8V"; VariantName = "[No Variations]"
Add component (AddParameter): Name = "Threshold Vgs Min"; Value = "0.35V"; VariantName = "[No Variations]"
Add component (AddParameter): Name = "Transconductance"; Value = "75S"; VariantName = "[No Variations]"
Add component (AddParameter): Name = "Turn Off Delay Time"; Value = "65ns"; VariantName = "[No Variations]"
Add component (AddParameter): Name = "Turn On Delay Time"; Value = "6ns"; VariantName = "[No Variations]"
Add component (AddParameter): Name = "Typ Forward Diode Voltage"; Value = "0.82V"; VariantName = "[No Variations]"
Added Component: Designator=M5_1(FP-S-03946-MFG)
Add component (AddParameter): Name = "Automotive"; Value = "No"; VariantName = "[No Variations]"
Add component (AddParameter): Name = "Category"; Value = "Trans"; VariantName = "[No Variations]"
Add component (AddParameter): Name = "ComponentLink2Description"; Value = "Datasheet"; VariantName = "[No Variations]"
Add component (AddParameter): Name = "ComponentLink2URL"; Value = "https://www.vishay.com/docs/63302/si2342ds.pdf"; VariantName = "[No Variations]"
Add component (AddParameter): Name = "Continuous Drain Current"; Value = "6A"; VariantName = "[No Variations]"
Add component (AddParameter): Name = "Depletion Mode"; Value = "False"; VariantName = "[No Variations]"
Add component (AddParameter): Name = "Device Class L1"; Value = "Discrete Semiconductors"; VariantName = "[No Variations]"
Add component (AddParameter): Name = "Device Class L2"; Value = "Transistors"; VariantName = "[No Variations]"
Add component (AddParameter): Name = "Device Class L3"; Value = "MOSFETs"; VariantName = "[No Variations]"
Add component (AddParameter): Name = "Digikey Description"; Value = "MOSFET N-CH 8V 6A SOT-23"; VariantName = "[No Variations]"
Add component (AddParameter): Name = "Drain To Source Breakdown Voltage"; Value = "8V"; VariantName = "[No Variations]"
Add component (AddParameter): Name = "Drain To Source Resistance"; Value = "0.014O"; VariantName = "[No Variations]"
Add component (AddParameter): Name = "Drain To Source Voltage"; Value = "8V"; VariantName = "[No Variations]"
Add component (AddParameter): Name = "Gate Charge At Vgs"; Value = "10.5nC @ 4.5V"; VariantName = "[No Variations]"
Add component (AddParameter): Name = "Gate To Source Voltage"; Value = "5V"; VariantName = "[No Variations]"
Add component (AddParameter): Name = "Height"; Value = "1.12mm"; VariantName = "[No Variations]"
Add component (AddParameter): Name = "Input Capacitace At Vds"; Value = "1070pF @ 4V"; VariantName = "[No Variations]"
Add component (AddParameter): Name = "Ipc Land Pattern Name"; Value = "SOT95P237X100-3"; VariantName = "[No Variations]"
Add component (AddParameter): Name = "Lead Free"; Value = "Yes"; VariantName = "[No Variations]"
Add component (AddParameter): Name = "Manufacturer"; Value = "Vishay"; VariantName = "[No Variations]"
Add component (AddParameter): Name = "Manufacturer Part Number"; Value = "SI2342DS-T1-GE3"; VariantName = "[No Variations]"
Add component (AddParameter): Name = "Max Forward Diode Voltage"; Value = "1.2V"; VariantName = "[No Variations]"
Add component (AddParameter): Name = "Max Junction Temp"; Value = "+150°C"; VariantName = "[No Variations]"
Add component (AddParameter): Name = "Mouser Description"; Value = "MOSFET 8V 6A 2.5"; VariantName = "[No Variations]"
Add component (AddParameter): Name = "Number Of Channels"; Value = "1"; VariantName = "[No Variations]"
Add component (AddParameter): Name = "Number Of N Channels"; Value = "1"; VariantName = "[No Variations]"
Add component (AddParameter): Name = "Octopart"; Value = "https://octopart.com/si2342ds-t1-ge3-vishay-45050957"; VariantName = "[No Variations]"
Add component (AddParameter): Name = "Package"; Value = "S-03946"; VariantName = "[No Variations]"
Add component (AddParameter): Name = "Power Dissipation"; Value = "1.3W"; VariantName = "[No Variations]"
Add component (AddParameter): Name = "Pulse Drain Current"; Value = "30A"; VariantName = "[No Variations]"
Add component (AddParameter): Name = "Reverse Recovery Charge"; Value = "17nC"; VariantName = "[No Variations]"
Add component (AddParameter): Name = "Reverse Recovery Time"; Value = "40ns"; VariantName = "[No Variations]"
Add component (AddParameter): Name = "RoHS"; Value = "TRUE"; VariantName = "[No Variations]"
Add component (AddParameter): Name = "Rthja Max"; Value = "75°C/W"; VariantName = "[No Variations]"
Add component (AddParameter): Name = "Standoff Height"; Value = "0.01mm"; VariantName = "[No Variations]"
Add component (AddParameter): Name = "Temperature"; Value = "-55°C to +150°C"; VariantName = "[No Variations]"
Add component (AddParameter): Name = "Temperature Range High"; Value = "+150°C"; VariantName = "[No Variations]"
Add component (AddParameter): Name = "Temperature Range Low"; Value = "-55°C"; VariantName = "[No Variations]"
Add component (AddParameter): Name = "Threshold Vgs Max"; Value = "0.8V"; VariantName = "[No Variations]"
Add component (AddParameter): Name = "Threshold Vgs Min"; Value = "0.35V"; VariantName = "[No Variations]"
Add component (AddParameter): Name = "Transconductance"; Value = "75S"; VariantName = "[No Variations]"
Add component (AddParameter): Name = "Turn Off Delay Time"; Value = "65ns"; VariantName = "[No Variations]"
Add component (AddParameter): Name = "Turn On Delay Time"; Value = "6ns"; VariantName = "[No Variations]"
Add component (AddParameter): Name = "Typ Forward Diode Voltage"; Value = "0.82V"; VariantName = "[No Variations]"
Added Component: Designator=M6_1(FP-S-03946-MFG)
Add component (AddParameter): Name = "Automotive"; Value = "No"; VariantName = "[No Variations]"
Add component (AddParameter): Name = "Category"; Value = "Trans"; VariantName = "[No Variations]"
Add component (AddParameter): Name = "ComponentLink2Description"; Value = "Datasheet"; VariantName = "[No Variations]"
Add component (AddParameter): Name = "ComponentLink2URL"; Value = "https://www.vishay.com/docs/63302/si2342ds.pdf"; VariantName = "[No Variations]"
Add component (AddParameter): Name = "Continuous Drain Current"; Value = "6A"; VariantName = "[No Variations]"
Add component (AddParameter): Name = "Depletion Mode"; Value = "False"; VariantName = "[No Variations]"
Add component (AddParameter): Name = "Device Class L1"; Value = "Discrete Semiconductors"; VariantName = "[No Variations]"
Add component (AddParameter): Name = "Device Class L2"; Value = "Transistors"; VariantName = "[No Variations]"
Add component (AddParameter): Name = "Device Class L3"; Value = "MOSFETs"; VariantName = "[No Variations]"
Add component (AddParameter): Name = "Digikey Description"; Value = "MOSFET N-CH 8V 6A SOT-23"; VariantName = "[No Variations]"
Add component (AddParameter): Name = "Drain To Source Breakdown Voltage"; Value = "8V"; VariantName = "[No Variations]"
Add component (AddParameter): Name = "Drain To Source Resistance"; Value = "0.014O"; VariantName = "[No Variations]"
Add component (AddParameter): Name = "Drain To Source Voltage"; Value = "8V"; VariantName = "[No Variations]"
Add component (AddParameter): Name = "Gate Charge At Vgs"; Value = "10.5nC @ 4.5V"; VariantName = "[No Variations]"
Add component (AddParameter): Name = "Gate To Source Voltage"; Value = "5V"; VariantName = "[No Variations]"
Add component (AddParameter): Name = "Height"; Value = "1.12mm"; VariantName = "[No Variations]"
Add component (AddParameter): Name = "Input Capacitace At Vds"; Value = "1070pF @ 4V"; VariantName = "[No Variations]"
Add component (AddParameter): Name = "Ipc Land Pattern Name"; Value = "SOT95P237X100-3"; VariantName = "[No Variations]"
Add component (AddParameter): Name = "Lead Free"; Value = "Yes"; VariantName = "[No Variations]"
Add component (AddParameter): Name = "Manufacturer"; Value = "Vishay"; VariantName = "[No Variations]"
Add component (AddParameter): Name = "Manufacturer Part Number"; Value = "SI2342DS-T1-GE3"; VariantName = "[No Variations]"
Add component (AddParameter): Name = "Max Forward Diode Voltage"; Value = "1.2V"; VariantName = "[No Variations]"
Add component (AddParameter): Name = "Max Junction Temp"; Value = "+150°C"; VariantName = "[No Variations]"
Add component (AddParameter): Name = "Mouser Description"; Value = "MOSFET 8V 6A 2.5"; VariantName = "[No Variations]"
Add component (AddParameter): Name = "Number Of Channels"; Value = "1"; VariantName = "[No Variations]"
Add component (AddParameter): Name = "Number Of N Channels"; Value = "1"; VariantName = "[No Variations]"
Add component (AddParameter): Name = "Octopart"; Value = "https://octopart.com/si2342ds-t1-ge3-vishay-45050957"; VariantName = "[No Variations]"
Add component (AddParameter): Name = "Package"; Value = "S-03946"; VariantName = "[No Variations]"
Add component (AddParameter): Name = "Power Dissipation"; Value = "1.3W"; VariantName = "[No Variations]"
Add component (AddParameter): Name = "Pulse Drain Current"; Value = "30A"; VariantName = "[No Variations]"
Add component (AddParameter): Name = "Reverse Recovery Charge"; Value = "17nC"; VariantName = "[No Variations]"
Add component (AddParameter): Name = "Reverse Recovery Time"; Value = "40ns"; VariantName = "[No Variations]"
Add component (AddParameter): Name = "RoHS"; Value = "TRUE"; VariantName = "[No Variations]"
Add component (AddParameter): Name = "Rthja Max"; Value = "75°C/W"; VariantName = "[No Variations]"
Add component (AddParameter): Name = "Standoff Height"; Value = "0.01mm"; VariantName = "[No Variations]"
Add component (AddParameter): Name = "Temperature"; Value = "-55°C to +150°C"; VariantName = "[No Variations]"
Add component (AddParameter): Name = "Temperature Range High"; Value = "+150°C"; VariantName = "[No Variations]"
Add component (AddParameter): Name = "Temperature Range Low"; Value = "-55°C"; VariantName = "[No Variations]"
Add component (AddParameter): Name = "Threshold Vgs Max"; Value = "0.8V"; VariantName = "[No Variations]"
Add component (AddParameter): Name = "Threshold Vgs Min"; Value = "0.35V"; VariantName = "[No Variations]"
Add component (AddParameter): Name = "Transconductance"; Value = "75S"; VariantName = "[No Variations]"
Add component (AddParameter): Name = "Turn Off Delay Time"; Value = "65ns"; VariantName = "[No Variations]"
Add component (AddParameter): Name = "Turn On Delay Time"; Value = "6ns"; VariantName = "[No Variations]"
Add component (AddParameter): Name = "Typ Forward Diode Voltage"; Value = "0.82V"; VariantName = "[No Variations]"
Added Component: Designator=M7_1(FP-S-03946-MFG)
Add component (AddParameter): Name = "Automotive"; Value = "No"; VariantName = "[No Variations]"
Add component (AddParameter): Name = "Category"; Value = "Trans"; VariantName = "[No Variations]"
Add component (AddParameter): Name = "ComponentLink2Description"; Value = "Datasheet"; VariantName = "[No Variations]"
Add component (AddParameter): Name = "ComponentLink2URL"; Value = "https://www.vishay.com/docs/63302/si2342ds.pdf"; VariantName = "[No Variations]"
Add component (AddParameter): Name = "Continuous Drain Current"; Value = "6A"; VariantName = "[No Variations]"
Add component (AddParameter): Name = "Depletion Mode"; Value = "False"; VariantName = "[No Variations]"
Add component (AddParameter): Name = "Device Class L1"; Value = "Discrete Semiconductors"; VariantName = "[No Variations]"
Add component (AddParameter): Name = "Device Class L2"; Value = "Transistors"; VariantName = "[No Variations]"
Add component (AddParameter): Name = "Device Class L3"; Value = "MOSFETs"; VariantName = "[No Variations]"
Add component (AddParameter): Name = "Digikey Description"; Value = "MOSFET N-CH 8V 6A SOT-23"; VariantName = "[No Variations]"
Add component (AddParameter): Name = "Drain To Source Breakdown Voltage"; Value = "8V"; VariantName = "[No Variations]"
Add component (AddParameter): Name = "Drain To Source Resistance"; Value = "0.014O"; VariantName = "[No Variations]"
Add component (AddParameter): Name = "Drain To Source Voltage"; Value = "8V"; VariantName = "[No Variations]"
Add component (AddParameter): Name = "Gate Charge At Vgs"; Value = "10.5nC @ 4.5V"; VariantName = "[No Variations]"
Add component (AddParameter): Name = "Gate To Source Voltage"; Value = "5V"; VariantName = "[No Variations]"
Add component (AddParameter): Name = "Height"; Value = "1.12mm"; VariantName = "[No Variations]"
Add component (AddParameter): Name = "Input Capacitace At Vds"; Value = "1070pF @ 4V"; VariantName = "[No Variations]"
Add component (AddParameter): Name = "Ipc Land Pattern Name"; Value = "SOT95P237X100-3"; VariantName = "[No Variations]"
Add component (AddParameter): Name = "Lead Free"; Value = "Yes"; VariantName = "[No Variations]"
Add component (AddParameter): Name = "Manufacturer"; Value = "Vishay"; VariantName = "[No Variations]"
Add component (AddParameter): Name = "Manufacturer Part Number"; Value = "SI2342DS-T1-GE3"; VariantName = "[No Variations]"
Add component (AddParameter): Name = "Max Forward Diode Voltage"; Value = "1.2V"; VariantName = "[No Variations]"
Add component (AddParameter): Name = "Max Junction Temp"; Value = "+150°C"; VariantName = "[No Variations]"
Add component (AddParameter): Name = "Mouser Description"; Value = "MOSFET 8V 6A 2.5"; VariantName = "[No Variations]"
Add component (AddParameter): Name = "Number Of Channels"; Value = "1"; VariantName = "[No Variations]"
Add component (AddParameter): Name = "Number Of N Channels"; Value = "1"; VariantName = "[No Variations]"
Add component (AddParameter): Name = "Octopart"; Value = "https://octopart.com/si2342ds-t1-ge3-vishay-45050957"; VariantName = "[No Variations]"
Add component (AddParameter): Name = "Package"; Value = "S-03946"; VariantName = "[No Variations]"
Add component (AddParameter): Name = "Power Dissipation"; Value = "1.3W"; VariantName = "[No Variations]"
Add component (AddParameter): Name = "Pulse Drain Current"; Value = "30A"; VariantName = "[No Variations]"
Add component (AddParameter): Name = "Reverse Recovery Charge"; Value = "17nC"; VariantName = "[No Variations]"
Add component (AddParameter): Name = "Reverse Recovery Time"; Value = "40ns"; VariantName = "[No Variations]"
Add component (AddParameter): Name = "RoHS"; Value = "TRUE"; VariantName = "[No Variations]"
Add component (AddParameter): Name = "Rthja Max"; Value = "75°C/W"; VariantName = "[No Variations]"
Add component (AddParameter): Name = "Standoff Height"; Value = "0.01mm"; VariantName = "[No Variations]"
Add component (AddParameter): Name = "Temperature"; Value = "-55°C to +150°C"; VariantName = "[No Variations]"
Add component (AddParameter): Name = "Temperature Range High"; Value = "+150°C"; VariantName = "[No Variations]"
Add component (AddParameter): Name = "Temperature Range Low"; Value = "-55°C"; VariantName = "[No Variations]"
Add component (AddParameter): Name = "Threshold Vgs Max"; Value = "0.8V"; VariantName = "[No Variations]"
Add component (AddParameter): Name = "Threshold Vgs Min"; Value = "0.35V"; VariantName = "[No Variations]"
Add component (AddParameter): Name = "Transconductance"; Value = "75S"; VariantName = "[No Variations]"
Add component (AddParameter): Name = "Turn Off Delay Time"; Value = "65ns"; VariantName = "[No Variations]"
Add component (AddParameter): Name = "Turn On Delay Time"; Value = "6ns"; VariantName = "[No Variations]"
Add component (AddParameter): Name = "Typ Forward Diode Voltage"; Value = "0.82V"; VariantName = "[No Variations]"
Added Component: Designator=M8_1(FP-S-03946-MFG)
Add component (AddParameter): Name = "Automotive"; Value = "No"; VariantName = "[No Variations]"
Add component (AddParameter): Name = "Category"; Value = "Trans"; VariantName = "[No Variations]"
Add component (AddParameter): Name = "ComponentLink2Description"; Value = "Datasheet"; VariantName = "[No Variations]"
Add component (AddParameter): Name = "ComponentLink2URL"; Value = "https://www.vishay.com/docs/63302/si2342ds.pdf"; VariantName = "[No Variations]"
Add component (AddParameter): Name = "Continuous Drain Current"; Value = "6A"; VariantName = "[No Variations]"
Add component (AddParameter): Name = "Depletion Mode"; Value = "False"; VariantName = "[No Variations]"
Add component (AddParameter): Name = "Device Class L1"; Value = "Discrete Semiconductors"; VariantName = "[No Variations]"
Add component (AddParameter): Name = "Device Class L2"; Value = "Transistors"; VariantName = "[No Variations]"
Add component (AddParameter): Name = "Device Class L3"; Value = "MOSFETs"; VariantName = "[No Variations]"
Add component (AddParameter): Name = "Digikey Description"; Value = "MOSFET N-CH 8V 6A SOT-23"; VariantName = "[No Variations]"
Add component (AddParameter): Name = "Drain To Source Breakdown Voltage"; Value = "8V"; VariantName = "[No Variations]"
Add component (AddParameter): Name = "Drain To Source Resistance"; Value = "0.014O"; VariantName = "[No Variations]"
Add component (AddParameter): Name = "Drain To Source Voltage"; Value = "8V"; VariantName = "[No Variations]"
Add component (AddParameter): Name = "Gate Charge At Vgs"; Value = "10.5nC @ 4.5V"; VariantName = "[No Variations]"
Add component (AddParameter): Name = "Gate To Source Voltage"; Value = "5V"; VariantName = "[No Variations]"
Add component (AddParameter): Name = "Height"; Value = "1.12mm"; VariantName = "[No Variations]"
Add component (AddParameter): Name = "Input Capacitace At Vds"; Value = "1070pF @ 4V"; VariantName = "[No Variations]"
Add component (AddParameter): Name = "Ipc Land Pattern Name"; Value = "SOT95P237X100-3"; VariantName = "[No Variations]"
Add component (AddParameter): Name = "Lead Free"; Value = "Yes"; VariantName = "[No Variations]"
Add component (AddParameter): Name = "Manufacturer"; Value = "Vishay"; VariantName = "[No Variations]"
Add component (AddParameter): Name = "Manufacturer Part Number"; Value = "SI2342DS-T1-GE3"; VariantName = "[No Variations]"
Add component (AddParameter): Name = "Max Forward Diode Voltage"; Value = "1.2V"; VariantName = "[No Variations]"
Add component (AddParameter): Name = "Max Junction Temp"; Value = "+150°C"; VariantName = "[No Variations]"
Add component (AddParameter): Name = "Mouser Description"; Value = "MOSFET 8V 6A 2.5"; VariantName = "[No Variations]"
Add component (AddParameter): Name = "Number Of Channels"; Value = "1"; VariantName = "[No Variations]"
Add component (AddParameter): Name = "Number Of N Channels"; Value = "1"; VariantName = "[No Variations]"
Add component (AddParameter): Name = "Octopart"; Value = "https://octopart.com/si2342ds-t1-ge3-vishay-45050957"; VariantName = "[No Variations]"
Add component (AddParameter): Name = "Package"; Value = "S-03946"; VariantName = "[No Variations]"
Add component (AddParameter): Name = "Power Dissipation"; Value = "1.3W"; VariantName = "[No Variations]"
Add component (AddParameter): Name = "Pulse Drain Current"; Value = "30A"; VariantName = "[No Variations]"
Add component (AddParameter): Name = "Reverse Recovery Charge"; Value = "17nC"; VariantName = "[No Variations]"
Add component (AddParameter): Name = "Reverse Recovery Time"; Value = "40ns"; VariantName = "[No Variations]"
Add component (AddParameter): Name = "RoHS"; Value = "TRUE"; VariantName = "[No Variations]"
Add component (AddParameter): Name = "Rthja Max"; Value = "75°C/W"; VariantName = "[No Variations]"
Add component (AddParameter): Name = "Standoff Height"; Value = "0.01mm"; VariantName = "[No Variations]"
Add component (AddParameter): Name = "Temperature"; Value = "-55°C to +150°C"; VariantName = "[No Variations]"
Add component (AddParameter): Name = "Temperature Range High"; Value = "+150°C"; VariantName = "[No Variations]"
Add component (AddParameter): Name = "Temperature Range Low"; Value = "-55°C"; VariantName = "[No Variations]"
Add component (AddParameter): Name = "Threshold Vgs Max"; Value = "0.8V"; VariantName = "[No Variations]"
Add component (AddParameter): Name = "Threshold Vgs Min"; Value = "0.35V"; VariantName = "[No Variations]"
Add component (AddParameter): Name = "Transconductance"; Value = "75S"; VariantName = "[No Variations]"
Add component (AddParameter): Name = "Turn Off Delay Time"; Value = "65ns"; VariantName = "[No Variations]"
Add component (AddParameter): Name = "Turn On Delay Time"; Value = "6ns"; VariantName = "[No Variations]"
Add component (AddParameter): Name = "Typ Forward Diode Voltage"; Value = "0.82V"; VariantName = "[No Variations]"
Added Component: Designator=M9_1(FP-S-03946-MFG)
Add component (AddParameter): Name = "Automotive"; Value = "No"; VariantName = "[No Variations]"
Add component (AddParameter): Name = "Category"; Value = "Trans"; VariantName = "[No Variations]"
Add component (AddParameter): Name = "ComponentLink2Description"; Value = "Datasheet"; VariantName = "[No Variations]"
Add component (AddParameter): Name = "ComponentLink2URL"; Value = "https://www.vishay.com/docs/63302/si2342ds.pdf"; VariantName = "[No Variations]"
Add component (AddParameter): Name = "Continuous Drain Current"; Value = "6A"; VariantName = "[No Variations]"
Add component (AddParameter): Name = "Depletion Mode"; Value = "False"; VariantName = "[No Variations]"
Add component (AddParameter): Name = "Device Class L1"; Value = "Discrete Semiconductors"; VariantName = "[No Variations]"
Add component (AddParameter): Name = "Device Class L2"; Value = "Transistors"; VariantName = "[No Variations]"
Add component (AddParameter): Name = "Device Class L3"; Value = "MOSFETs"; VariantName = "[No Variations]"
Add component (AddParameter): Name = "Digikey Description"; Value = "MOSFET N-CH 8V 6A SOT-23"; VariantName = "[No Variations]"
Add component (AddParameter): Name = "Drain To Source Breakdown Voltage"; Value = "8V"; VariantName = "[No Variations]"
Add component (AddParameter): Name = "Drain To Source Resistance"; Value = "0.014O"; VariantName = "[No Variations]"
Add component (AddParameter): Name = "Drain To Source Voltage"; Value = "8V"; VariantName = "[No Variations]"
Add component (AddParameter): Name = "Gate Charge At Vgs"; Value = "10.5nC @ 4.5V"; VariantName = "[No Variations]"
Add component (AddParameter): Name = "Gate To Source Voltage"; Value = "5V"; VariantName = "[No Variations]"
Add component (AddParameter): Name = "Height"; Value = "1.12mm"; VariantName = "[No Variations]"
Add component (AddParameter): Name = "Input Capacitace At Vds"; Value = "1070pF @ 4V"; VariantName = "[No Variations]"
Add component (AddParameter): Name = "Ipc Land Pattern Name"; Value = "SOT95P237X100-3"; VariantName = "[No Variations]"
Add component (AddParameter): Name = "Lead Free"; Value = "Yes"; VariantName = "[No Variations]"
Add component (AddParameter): Name = "Manufacturer"; Value = "Vishay"; VariantName = "[No Variations]"
Add component (AddParameter): Name = "Manufacturer Part Number"; Value = "SI2342DS-T1-GE3"; VariantName = "[No Variations]"
Add component (AddParameter): Name = "Max Forward Diode Voltage"; Value = "1.2V"; VariantName = "[No Variations]"
Add component (AddParameter): Name = "Max Junction Temp"; Value = "+150°C"; VariantName = "[No Variations]"
Add component (AddParameter): Name = "Mouser Description"; Value = "MOSFET 8V 6A 2.5"; VariantName = "[No Variations]"
Add component (AddParameter): Name = "Number Of Channels"; Value = "1"; VariantName = "[No Variations]"
Add component (AddParameter): Name = "Number Of N Channels"; Value = "1"; VariantName = "[No Variations]"
Add component (AddParameter): Name = "Octopart"; Value = "https://octopart.com/si2342ds-t1-ge3-vishay-45050957"; VariantName = "[No Variations]"
Add component (AddParameter): Name = "Package"; Value = "S-03946"; VariantName = "[No Variations]"
Add component (AddParameter): Name = "Power Dissipation"; Value = "1.3W"; VariantName = "[No Variations]"
Add component (AddParameter): Name = "Pulse Drain Current"; Value = "30A"; VariantName = "[No Variations]"
Add component (AddParameter): Name = "Reverse Recovery Charge"; Value = "17nC"; VariantName = "[No Variations]"
Add component (AddParameter): Name = "Reverse Recovery Time"; Value = "40ns"; VariantName = "[No Variations]"
Add component (AddParameter): Name = "RoHS"; Value = "TRUE"; VariantName = "[No Variations]"
Add component (AddParameter): Name = "Rthja Max"; Value = "75°C/W"; VariantName = "[No Variations]"
Add component (AddParameter): Name = "Standoff Height"; Value = "0.01mm"; VariantName = "[No Variations]"
Add component (AddParameter): Name = "Temperature"; Value = "-55°C to +150°C"; VariantName = "[No Variations]"
Add component (AddParameter): Name = "Temperature Range High"; Value = "+150°C"; VariantName = "[No Variations]"
Add component (AddParameter): Name = "Temperature Range Low"; Value = "-55°C"; VariantName = "[No Variations]"
Add component (AddParameter): Name = "Threshold Vgs Max"; Value = "0.8V"; VariantName = "[No Variations]"
Add component (AddParameter): Name = "Threshold Vgs Min"; Value = "0.35V"; VariantName = "[No Variations]"
Add component (AddParameter): Name = "Transconductance"; Value = "75S"; VariantName = "[No Variations]"
Add component (AddParameter): Name = "Turn Off Delay Time"; Value = "65ns"; VariantName = "[No Variations]"
Add component (AddParameter): Name = "Turn On Delay Time"; Value = "6ns"; VariantName = "[No Variations]"
Add component (AddParameter): Name = "Typ Forward Diode Voltage"; Value = "0.82V"; VariantName = "[No Variations]"
Added Component: Designator=P1(61201021621)
Add component (AddParameter): Name = "Color"; Value = "Black"; VariantName = "[No Variations]"
Add component (AddParameter): Name = "Connector Type"; Value = "Male Pin"; VariantName = "[No Variations]"
Add component (AddParameter): Name = "Contact Gender"; Value = "Male"; VariantName = "[No Variations]"
Add component (AddParameter): Name = "Contact Material"; Value = "Copper"; VariantName = "[No Variations]"
Add component (AddParameter): Name = "Contact Plating"; Value = "Gold"; VariantName = "[No Variations]"
Add component (AddParameter): Name = "Contact Resistance"; Value = "20mO"; VariantName = "[No Variations]"
Add component (AddParameter): Name = "Current Rating"; Value = "3A"; VariantName = "[No Variations]"
Add component (AddParameter): Name = "Flammability Rating"; Value = "UL94 V-0"; VariantName = "[No Variations]"
Add component (AddParameter): Name = "Gender"; Value = "Male"; VariantName = "[No Variations]"
Add component (AddParameter): Name = "Height"; Value = "8.85mm"; VariantName = "[No Variations]"
Add component (AddParameter): Name = "Housing Material"; Value = "PBT"; VariantName = "[No Variations]"
Add component (AddParameter): Name = "Insulation Material"; Value = "PBT"; VariantName = "[No Variations]"
Add component (AddParameter): Name = "Insulation Resistance"; Value = "1GO"; VariantName = "[No Variations]"
Add component (AddParameter): Name = "Lead Free"; Value = "Lead Free"; VariantName = "[No Variations]"
Add component (AddParameter): Name = "Lead Pitch"; Value = "2.54mm"; VariantName = "[No Variations]"
Add component (AddParameter): Name = "Length"; Value = "20.36mm"; VariantName = "[No Variations]"
Add component (AddParameter): Name = "Max Operating Temperature"; Value = "105°C"; VariantName = "[No Variations]"
Add component (AddParameter): Name = "Min Operating Temperature"; Value = "-40°C"; VariantName = "[No Variations]"
Add component (AddParameter): Name = "Mount"; Value = "Through Hole"; VariantName = "[No Variations]"
Add component (AddParameter): Name = "NexarPartId"; Value = "8917783"; VariantName = "[No Variations]"
Add component (AddParameter): Name = "Number of Contacts"; Value = "10"; VariantName = "[No Variations]"
Add component (AddParameter): Name = "Number of Pins"; Value = "10"; VariantName = "[No Variations]"
Add component (AddParameter): Name = "Number of Positions"; Value = "10"; VariantName = "[No Variations]"
Add component (AddParameter): Name = "Number of Rows"; Value = "2"; VariantName = "[No Variations]"
Add component (AddParameter): Name = "Operating Supply Voltage"; Value = "250V"; VariantName = "[No Variations]"
Add component (AddParameter): Name = "Orientation"; Value = "Vertical"; VariantName = "[No Variations]"
Add component (AddParameter): Name = "Pitch"; Value = "2.54mm"; VariantName = "[No Variations]"
Add component (AddParameter): Name = "REACH SVHC"; Value = "Unknown"; VariantName = "[No Variations]"
Add component (AddParameter): Name = "RoHS"; Value = "Compliant"; VariantName = "[No Variations]"
Add component (AddParameter): Name = "Row Spacing"; Value = "2.54mm"; VariantName = "[No Variations]"
Add component (AddParameter): Name = "Termination"; Value = "Solder"; VariantName = "[No Variations]"
Add component (AddParameter): Name = "Voltage Rating"; Value = "250V"; VariantName = "[No Variations]"
Add component (AddParameter): Name = "Voltage Rating (DC)"; Value = "250V"; VariantName = "[No Variations]"
Add component (AddParameter): Name = "Width"; Value = "20.36mm"; VariantName = "[No Variations]"
Added Component: Designator=P2(61201021621)
Add component (AddParameter): Name = "Color"; Value = "Black"; VariantName = "[No Variations]"
Add component (AddParameter): Name = "Connector Type"; Value = "Male Pin"; VariantName = "[No Variations]"
Add component (AddParameter): Name = "Contact Gender"; Value = "Male"; VariantName = "[No Variations]"
Add component (AddParameter): Name = "Contact Material"; Value = "Copper"; VariantName = "[No Variations]"
Add component (AddParameter): Name = "Contact Plating"; Value = "Gold"; VariantName = "[No Variations]"
Add component (AddParameter): Name = "Contact Resistance"; Value = "20mO"; VariantName = "[No Variations]"
Add component (AddParameter): Name = "Current Rating"; Value = "3A"; VariantName = "[No Variations]"
Add component (AddParameter): Name = "Flammability Rating"; Value = "UL94 V-0"; VariantName = "[No Variations]"
Add component (AddParameter): Name = "Gender"; Value = "Male"; VariantName = "[No Variations]"
Add component (AddParameter): Name = "Height"; Value = "8.85mm"; VariantName = "[No Variations]"
Add component (AddParameter): Name = "Housing Material"; Value = "PBT"; VariantName = "[No Variations]"
Add component (AddParameter): Name = "Insulation Material"; Value = "PBT"; VariantName = "[No Variations]"
Add component (AddParameter): Name = "Insulation Resistance"; Value = "1GO"; VariantName = "[No Variations]"
Add component (AddParameter): Name = "Lead Free"; Value = "Lead Free"; VariantName = "[No Variations]"
Add component (AddParameter): Name = "Lead Pitch"; Value = "2.54mm"; VariantName = "[No Variations]"
Add component (AddParameter): Name = "Length"; Value = "20.36mm"; VariantName = "[No Variations]"
Add component (AddParameter): Name = "Max Operating Temperature"; Value = "105°C"; VariantName = "[No Variations]"
Add component (AddParameter): Name = "Min Operating Temperature"; Value = "-40°C"; VariantName = "[No Variations]"
Add component (AddParameter): Name = "Mount"; Value = "Through Hole"; VariantName = "[No Variations]"
Add component (AddParameter): Name = "NexarPartId"; Value = "8917783"; VariantName = "[No Variations]"
Add component (AddParameter): Name = "Number of Contacts"; Value = "10"; VariantName = "[No Variations]"
Add component (AddParameter): Name = "Number of Pins"; Value = "10"; VariantName = "[No Variations]"
Add component (AddParameter): Name = "Number of Positions"; Value = "10"; VariantName = "[No Variations]"
Add component (AddParameter): Name = "Number of Rows"; Value = "2"; VariantName = "[No Variations]"
Add component (AddParameter): Name = "Operating Supply Voltage"; Value = "250V"; VariantName = "[No Variations]"
Add component (AddParameter): Name = "Orientation"; Value = "Vertical"; VariantName = "[No Variations]"
Add component (AddParameter): Name = "Pitch"; Value = "2.54mm"; VariantName = "[No Variations]"
Add component (AddParameter): Name = "REACH SVHC"; Value = "Unknown"; VariantName = "[No Variations]"
Add component (AddParameter): Name = "RoHS"; Value = "Compliant"; VariantName = "[No Variations]"
Add component (AddParameter): Name = "Row Spacing"; Value = "2.54mm"; VariantName = "[No Variations]"
Add component (AddParameter): Name = "Termination"; Value = "Solder"; VariantName = "[No Variations]"
Add component (AddParameter): Name = "Voltage Rating"; Value = "250V"; VariantName = "[No Variations]"
Add component (AddParameter): Name = "Voltage Rating (DC)"; Value = "250V"; VariantName = "[No Variations]"
Add component (AddParameter): Name = "Width"; Value = "20.36mm"; VariantName = "[No Variations]"
Added Component: Designator=R1_1(FP-CR0402-IPC_A)
Add component (AddParameter): Name = "Case Code (Imperial)"; Value = "0402"; VariantName = "[No Variations]"
Add component (AddParameter): Name = "Case Code (Metric)"; Value = "1005"; VariantName = "[No Variations]"
Add component (AddParameter): Name = "Case/Package"; Value = "0402"; VariantName = "[No Variations]"
Add component (AddParameter): Name = "Composition"; Value = "Thick Film"; VariantName = "[No Variations]"
Add component (AddParameter): Name = "Contact Plating"; Value = "Tin"; VariantName = "[No Variations]"
Add component (AddParameter): Name = "Depth"; Value = "0.5mm"; VariantName = "[No Variations]"
Add component (AddParameter): Name = "Height"; Value = "0.35mm"; VariantName = "[No Variations]"
Add component (AddParameter): Name = "Length"; Value = "1mm"; VariantName = "[No Variations]"
Add component (AddParameter): Name = "Max Operating Temperature"; Value = "125°C"; VariantName = "[No Variations]"
Add component (AddParameter): Name = "Military Standard"; Value = "Not"; VariantName = "[No Variations]"
Add component (AddParameter): Name = "Min Operating Temperature"; Value = "-55°C"; VariantName = "[No Variations]"
Add component (AddParameter): Name = "Mount"; Value = "Surface Mount"; VariantName = "[No Variations]"
Add component (AddParameter): Name = "Package Quantity"; Value = "10000"; VariantName = "[No Variations]"
Add component (AddParameter): Name = "Packaging"; Value = "Tape and Reel"; VariantName = "[No Variations]"
Add component (AddParameter): Name = "Power Rating"; Value = "62.5mW"; VariantName = "[No Variations]"
Add component (AddParameter): Name = "Radiation Hardening"; Value = "No"; VariantName = "[No Variations]"
Add component (AddParameter): Name = "Resistance"; Value = "270R"; VariantName = "[No Variations]"
Add component (AddParameter): Name = "Temperature Coefficient"; Value = "200ppm/°C"; VariantName = "[No Variations]"
Add component (AddParameter): Name = "Termination"; Value = "SMD/SMT"; VariantName = "[No Variations]"
Add component (AddParameter): Name = "Thickness"; Value = "356um"; VariantName = "[No Variations]"
Add component (AddParameter): Name = "Tolerance"; Value = "5%"; VariantName = "[No Variations]"
Add component (AddParameter): Name = "Voltage Rating"; Value = "50V"; VariantName = "[No Variations]"
Add component (AddParameter): Name = "Width"; Value = "0.5mm"; VariantName = "[No Variations]"
Added Component: Designator=R1_2(FP-TFCR0402-IPC_B)
Added Component: Designator=R1(RESC1005X40X25NL05T05)
Add component (AddParameter): Name = "Case Code (Imperial)"; Value = "0402"; VariantName = "[No Variations]"
Add component (AddParameter): Name = "Case Code (Metric)"; Value = "1005"; VariantName = "[No Variations]"
Add component (AddParameter): Name = "Case\/Package"; Value = "0402"; VariantName = "[No Variations]"
Add component (AddParameter): Name = "ComponentLink1Description"; Value = "Manufacturer URL"; VariantName = "[No Variations]"
Add component (AddParameter): Name = "ComponentLink1URL"; Value = "http://www.panasonic.com/"; VariantName = "[No Variations]"
Add component (AddParameter): Name = "ComponentLink2Description"; Value = "Datasheet"; VariantName = "[No Variations]"
Add component (AddParameter): Name = "ComponentLink2URL"; Value = "http://industrial.panasonic.com/cdbs/www-data/pdf/RDA0000/AOA0000C86.pdf"; VariantName = "[No Variations]"
Add component (AddParameter): Name = "DatasheetVersion"; Value = "04/2015"; VariantName = "[No Variations]"
Add component (AddParameter): Name = "Height"; Value = "0.35 mm"; VariantName = "[No Variations]"
Add component (AddParameter): Name = "Length"; Value = "1 mm"; VariantName = "[No Variations]"
Add component (AddParameter): Name = "Manufacturer"; Value = "Basic Passives"; VariantName = "[No Variations]"
Add component (AddParameter): Name = "Max Operating Temperature"; Value = "155 degC"; VariantName = "[No Variations]"
Add component (AddParameter): Name = "Min Operating Temperature"; Value = "-55 degC"; VariantName = "[No Variations]"
Add component (AddParameter): Name = "Mount"; Value = "Surface Mount"; VariantName = "[No Variations]"
Add component (AddParameter): Name = "Mounting Technology"; Value = "Surface Mount"; VariantName = "[No Variations]"
Add component (AddParameter): Name = "Package Quantity"; Value = "10000"; VariantName = "[No Variations]"
Add component (AddParameter): Name = "PackageDescription"; Value = "2-Pin Surface Mount Device, Body 1 x 0.5 mm"; VariantName = "[No Variations]"
Add component (AddParameter): Name = "PackageReference"; Value = "0402"; VariantName = "[No Variations]"
Add component (AddParameter): Name = "Packaging"; Value = "Tape and Reel"; VariantName = "[No Variations]"
Add component (AddParameter): Name = "PartNumber"; Value = "ERJ-2RKF2003X"; VariantName = "[No Variations]"
Add component (AddParameter): Name = "Pins"; Value = "2"; VariantName = "[No Variations]"
Add component (AddParameter): Name = "Power Rating"; Value = "100 mW"; VariantName = "[No Variations]"
Add component (AddParameter): Name = "Radiation Hardening"; Value = "No"; VariantName = "[No Variations]"
Add component (AddParameter): Name = "REACH SVHC"; Value = "No SVHC"; VariantName = "[No Variations]"
Add component (AddParameter): Name = "Resistance"; Value = "200 KOhm"; VariantName = "[No Variations]"
Add component (AddParameter): Name = "RoHSCompliant"; Value = "true"; VariantName = "[No Variations]"
Add component (AddParameter): Name = "Tolerance"; Value = "1%"; VariantName = "[No Variations]"
Add component (AddParameter): Name = "Voltage Rating"; Value = "50 V"; VariantName = "[No Variations]"
Add component (AddParameter): Name = "Width"; Value = "0.5 mm"; VariantName = "[No Variations]"
Added Component: Designator=R2_1(FP-CR0402-IPC_A)
Add component (AddParameter): Name = "Case Code (Imperial)"; Value = "0402"; VariantName = "[No Variations]"
Add component (AddParameter): Name = "Case Code (Metric)"; Value = "1005"; VariantName = "[No Variations]"
Add component (AddParameter): Name = "Case/Package"; Value = "0402"; VariantName = "[No Variations]"
Add component (AddParameter): Name = "Composition"; Value = "Thick Film"; VariantName = "[No Variations]"
Add component (AddParameter): Name = "Contact Plating"; Value = "Tin"; VariantName = "[No Variations]"
Add component (AddParameter): Name = "Depth"; Value = "0.5mm"; VariantName = "[No Variations]"
Add component (AddParameter): Name = "Height"; Value = "0.35mm"; VariantName = "[No Variations]"
Add component (AddParameter): Name = "Length"; Value = "1mm"; VariantName = "[No Variations]"
Add component (AddParameter): Name = "Max Operating Temperature"; Value = "125°C"; VariantName = "[No Variations]"
Add component (AddParameter): Name = "Military Standard"; Value = "Not"; VariantName = "[No Variations]"
Add component (AddParameter): Name = "Min Operating Temperature"; Value = "-55°C"; VariantName = "[No Variations]"
Add component (AddParameter): Name = "Mount"; Value = "Surface Mount"; VariantName = "[No Variations]"
Add component (AddParameter): Name = "Package Quantity"; Value = "10000"; VariantName = "[No Variations]"
Add component (AddParameter): Name = "Packaging"; Value = "Tape and Reel"; VariantName = "[No Variations]"
Add component (AddParameter): Name = "Power Rating"; Value = "62.5mW"; VariantName = "[No Variations]"
Add component (AddParameter): Name = "Radiation Hardening"; Value = "No"; VariantName = "[No Variations]"
Add component (AddParameter): Name = "Resistance"; Value = "270R"; VariantName = "[No Variations]"
Add component (AddParameter): Name = "Temperature Coefficient"; Value = "200ppm/°C"; VariantName = "[No Variations]"
Add component (AddParameter): Name = "Termination"; Value = "SMD/SMT"; VariantName = "[No Variations]"
Add component (AddParameter): Name = "Thickness"; Value = "356um"; VariantName = "[No Variations]"
Add component (AddParameter): Name = "Tolerance"; Value = "5%"; VariantName = "[No Variations]"
Add component (AddParameter): Name = "Voltage Rating"; Value = "50V"; VariantName = "[No Variations]"
Add component (AddParameter): Name = "Width"; Value = "0.5mm"; VariantName = "[No Variations]"
Added Component: Designator=R2_2(FP-TFCR0402-IPC_B)
Added Component: Designator=R2(RESC1005X40X25NL05T10)
Add component (AddParameter): Name = "Manufacturer"; Value = "Yageo / Phycomp"; VariantName = "[No Variations]"
Add component (AddParameter): Name = "Part Number"; Value = "RC0402FR-07100KL"; VariantName = "[No Variations]"
Added Component: Designator=R3_1(FP-CR0402-IPC_A)
Add component (AddParameter): Name = "Case Code (Imperial)"; Value = "0402"; VariantName = "[No Variations]"
Add component (AddParameter): Name = "Case Code (Metric)"; Value = "1005"; VariantName = "[No Variations]"
Add component (AddParameter): Name = "Case/Package"; Value = "0402"; VariantName = "[No Variations]"
Add component (AddParameter): Name = "Composition"; Value = "Thick Film"; VariantName = "[No Variations]"
Add component (AddParameter): Name = "Contact Plating"; Value = "Tin"; VariantName = "[No Variations]"
Add component (AddParameter): Name = "Depth"; Value = "0.5mm"; VariantName = "[No Variations]"
Add component (AddParameter): Name = "Height"; Value = "0.35mm"; VariantName = "[No Variations]"
Add component (AddParameter): Name = "Length"; Value = "1mm"; VariantName = "[No Variations]"
Add component (AddParameter): Name = "Max Operating Temperature"; Value = "125°C"; VariantName = "[No Variations]"
Add component (AddParameter): Name = "Military Standard"; Value = "Not"; VariantName = "[No Variations]"
Add component (AddParameter): Name = "Min Operating Temperature"; Value = "-55°C"; VariantName = "[No Variations]"
Add component (AddParameter): Name = "Mount"; Value = "Surface Mount"; VariantName = "[No Variations]"
Add component (AddParameter): Name = "Package Quantity"; Value = "10000"; VariantName = "[No Variations]"
Add component (AddParameter): Name = "Packaging"; Value = "Tape and Reel"; VariantName = "[No Variations]"
Add component (AddParameter): Name = "Power Rating"; Value = "62.5mW"; VariantName = "[No Variations]"
Add component (AddParameter): Name = "Radiation Hardening"; Value = "No"; VariantName = "[No Variations]"
Add component (AddParameter): Name = "Resistance"; Value = "270R"; VariantName = "[No Variations]"
Add component (AddParameter): Name = "Temperature Coefficient"; Value = "200ppm/°C"; VariantName = "[No Variations]"
Add component (AddParameter): Name = "Termination"; Value = "SMD/SMT"; VariantName = "[No Variations]"
Add component (AddParameter): Name = "Thickness"; Value = "356um"; VariantName = "[No Variations]"
Add component (AddParameter): Name = "Tolerance"; Value = "5%"; VariantName = "[No Variations]"
Add component (AddParameter): Name = "Voltage Rating"; Value = "50V"; VariantName = "[No Variations]"
Add component (AddParameter): Name = "Width"; Value = "0.5mm"; VariantName = "[No Variations]"
Added Component: Designator=R3_2(FP-TFCR0402-IPC_B)
Added Component: Designator=R3(FP-AC0402-IPC_B)
Add component (AddParameter): Name = "Case Code (Imperial)"; Value = "0402"; VariantName = "[No Variations]"
Add component (AddParameter): Name = "Case Code (Metric)"; Value = "1005"; VariantName = "[No Variations]"
Add component (AddParameter): Name = "Case/Package"; Value = "0402"; VariantName = "[No Variations]"
Add component (AddParameter): Name = "Features"; Value = "Moisture Resistant"; VariantName = "[No Variations]"
Add component (AddParameter): Name = "Height"; Value = "0.015inch"; VariantName = "[No Variations]"
Add component (AddParameter): Name = "Length"; Value = "0.039inch"; VariantName = "[No Variations]"
Add component (AddParameter): Name = "Max Operating Temperature"; Value = "155°C"; VariantName = "[No Variations]"
Add component (AddParameter): Name = "Max Power Dissipation"; Value = "63mW"; VariantName = "[No Variations]"
Add component (AddParameter): Name = "Min Operating Temperature"; Value = "-55°C"; VariantName = "[No Variations]"
Add component (AddParameter): Name = "Number of Terminations"; Value = "2"; VariantName = "[No Variations]"
Add component (AddParameter): Name = "Packaging"; Value = "Tape and Reel"; VariantName = "[No Variations]"
Add component (AddParameter): Name = "Power Rating"; Value = "62.5mW"; VariantName = "[No Variations]"
Add component (AddParameter): Name = "Resistance"; Value = "95.3kR"; VariantName = "[No Variations]"
Add component (AddParameter): Name = "Resistor Type"; Value = "Thick Film"; VariantName = "[No Variations]"
Add component (AddParameter): Name = "RoHS Compliant"; Value = "Yes"; VariantName = "[No Variations]"
Add component (AddParameter): Name = "Series"; Value = "AC"; VariantName = "[No Variations]"
Add component (AddParameter): Name = "Temperature Coefficient"; Value = "100ppm/°C"; VariantName = "[No Variations]"
Add component (AddParameter): Name = "Termination"; Value = "SMD/SMT"; VariantName = "[No Variations]"
Add component (AddParameter): Name = "Tolerance"; Value = "1%"; VariantName = "[No Variations]"
Add component (AddParameter): Name = "Voltage Rating"; Value = "50V"; VariantName = "[No Variations]"
Add component (AddParameter): Name = "Weight"; Value = "2.3E-05oz"; VariantName = "[No Variations]"
Add component (AddParameter): Name = "Width"; Value = "0.5mm"; VariantName = "[No Variations]"
Added Component: Designator=R4_1(FP-CR0402-IPC_A)
Add component (AddParameter): Name = "Case Code (Imperial)"; Value = "0402"; VariantName = "[No Variations]"
Add component (AddParameter): Name = "Case Code (Metric)"; Value = "1005"; VariantName = "[No Variations]"
Add component (AddParameter): Name = "Case/Package"; Value = "0402"; VariantName = "[No Variations]"
Add component (AddParameter): Name = "Composition"; Value = "Thick Film"; VariantName = "[No Variations]"
Add component (AddParameter): Name = "Contact Plating"; Value = "Tin"; VariantName = "[No Variations]"
Add component (AddParameter): Name = "Depth"; Value = "0.5mm"; VariantName = "[No Variations]"
Add component (AddParameter): Name = "Height"; Value = "0.35mm"; VariantName = "[No Variations]"
Add component (AddParameter): Name = "Length"; Value = "1mm"; VariantName = "[No Variations]"
Add component (AddParameter): Name = "Max Operating Temperature"; Value = "125°C"; VariantName = "[No Variations]"
Add component (AddParameter): Name = "Military Standard"; Value = "Not"; VariantName = "[No Variations]"
Add component (AddParameter): Name = "Min Operating Temperature"; Value = "-55°C"; VariantName = "[No Variations]"
Add component (AddParameter): Name = "Mount"; Value = "Surface Mount"; VariantName = "[No Variations]"
Add component (AddParameter): Name = "Package Quantity"; Value = "10000"; VariantName = "[No Variations]"
Add component (AddParameter): Name = "Packaging"; Value = "Tape and Reel"; VariantName = "[No Variations]"
Add component (AddParameter): Name = "Power Rating"; Value = "62.5mW"; VariantName = "[No Variations]"
Add component (AddParameter): Name = "Radiation Hardening"; Value = "No"; VariantName = "[No Variations]"
Add component (AddParameter): Name = "Resistance"; Value = "270R"; VariantName = "[No Variations]"
Add component (AddParameter): Name = "Temperature Coefficient"; Value = "200ppm/°C"; VariantName = "[No Variations]"
Add component (AddParameter): Name = "Termination"; Value = "SMD/SMT"; VariantName = "[No Variations]"
Add component (AddParameter): Name = "Thickness"; Value = "356um"; VariantName = "[No Variations]"
Add component (AddParameter): Name = "Tolerance"; Value = "5%"; VariantName = "[No Variations]"
Add component (AddParameter): Name = "Voltage Rating"; Value = "50V"; VariantName = "[No Variations]"
Add component (AddParameter): Name = "Width"; Value = "0.5mm"; VariantName = "[No Variations]"
Added Component: Designator=R4_2(FP-TFCR0402-IPC_B)
Added Component: Designator=R4_t(FP-RT0402-MFG)
Add component (AddParameter): Name = "Automotive"; Value = "No"; VariantName = "[No Variations]"
Add component (AddParameter): Name = "Category"; Value = "Res"; VariantName = "[No Variations]"
Add component (AddParameter): Name = "ComponentLink2Description"; Value = "Datasheet"; VariantName = "[No Variations]"
Add component (AddParameter): Name = "ComponentLink2URL"; Value = "http://www.yageo.com/documents/recent/PYu-RT_1-to-0.01_RoHS_L_9.pdf"; VariantName = "[No Variations]"
Add component (AddParameter): Name = "Composition"; Value = "Thin Film"; VariantName = "[No Variations]"
Add component (AddParameter): Name = "Device Class L1"; Value = "Passive Components"; VariantName = "[No Variations]"
Add component (AddParameter): Name = "Device Class L2"; Value = "Resistors"; VariantName = "[No Variations]"
Add component (AddParameter): Name = "Device Class L3"; Value = "Chip SMD Resistors"; VariantName = "[No Variations]"
Add component (AddParameter): Name = "Digikey Description"; Value = "RES SMD 10K OHM 0.1% 1/16W 0402"; VariantName = "[No Variations]"
Add component (AddParameter): Name = "Footprint Url"; Value = "http://www.yageo.com/exep/pages/download/literatures/PYu-R_Mount_10.pdf"; VariantName = "[No Variations]"
Add component (AddParameter): Name = "Height"; Value = "0.35mm"; VariantName = "[No Variations]"
Add component (AddParameter): Name = "Ipc Land Pattern Name"; Value = "RESC10050X30"; VariantName = "[No Variations]"
Add component (AddParameter): Name = "Lead Free"; Value = "Yes"; VariantName = "[No Variations]"
Add component (AddParameter): Name = "Manufacturer"; Value = "Yageo"; VariantName = "[No Variations]"
Add component (AddParameter): Name = "Manufacturer Part Number"; Value = "RT0402BRE0710KL"; VariantName = "[No Variations]"
Add component (AddParameter): Name = "Mouser Description"; Value = "Res Thin Film 0402 10K Ohm 0.1% 1/16W ±50ppm/°C Molded SMD Paper T/R"; VariantName = "[No Variations]"
Add component (AddParameter): Name = "Octopart"; Value = "https://octopart.com/rt0402bre0710kl-yageo-1416557"; VariantName = "[No Variations]"
Add component (AddParameter): Name = "Package"; Value = "RT0402"; VariantName = "[No Variations]"
Add component (AddParameter): Name = "Power Rating"; Value = "0.063W"; VariantName = "[No Variations]"
Add component (AddParameter): Name = "Resistance"; Value = "10KO"; VariantName = "[No Variations]"
Add component (AddParameter): Name = "RoHS"; Value = "TRUE"; VariantName = "[No Variations]"
Add component (AddParameter): Name = "Series"; Value = "RT"; VariantName = "[No Variations]"
Add component (AddParameter): Name = "Temperature"; Value = "-55°C to +155°C"; VariantName = "[No Variations]"
Add component (AddParameter): Name = "Temperature Coefficient"; Value = "50 ppm/°C"; VariantName = "[No Variations]"
Add component (AddParameter): Name = "Temperature Range High"; Value = "+155°C"; VariantName = "[No Variations]"
Add component (AddParameter): Name = "Temperature Range Low"; Value = "-55°C"; VariantName = "[No Variations]"
Add component (AddParameter): Name = "Tolerance"; Value = "0.001"; VariantName = "[No Variations]"
Add component (AddParameter): Name = "Value"; Value = "10KO"; VariantName = "[No Variations]"
Add component (AddParameter): Name = "Voltage Rating"; Value = "50V"; VariantName = "[No Variations]"
Added Component: Designator=R4(RESC1005X40X25NL05T10)
Add component (AddParameter): Name = "Manufacturer"; Value = "Yageo / Phycomp"; VariantName = "[No Variations]"
Add component (AddParameter): Name = "Part Number"; Value = "RC0402FR-07100KL"; VariantName = "[No Variations]"
Added Component: Designator=R5_1(FP-CR0402-IPC_A)
Add component (AddParameter): Name = "Case Code (Imperial)"; Value = "0402"; VariantName = "[No Variations]"
Add component (AddParameter): Name = "Case Code (Metric)"; Value = "1005"; VariantName = "[No Variations]"
Add component (AddParameter): Name = "Case/Package"; Value = "0402"; VariantName = "[No Variations]"
Add component (AddParameter): Name = "Composition"; Value = "Thick Film"; VariantName = "[No Variations]"
Add component (AddParameter): Name = "Contact Plating"; Value = "Tin"; VariantName = "[No Variations]"
Add component (AddParameter): Name = "Depth"; Value = "0.5mm"; VariantName = "[No Variations]"
Add component (AddParameter): Name = "Height"; Value = "0.35mm"; VariantName = "[No Variations]"
Add component (AddParameter): Name = "Length"; Value = "1mm"; VariantName = "[No Variations]"
Add component (AddParameter): Name = "Max Operating Temperature"; Value = "125°C"; VariantName = "[No Variations]"
Add component (AddParameter): Name = "Military Standard"; Value = "Not"; VariantName = "[No Variations]"
Add component (AddParameter): Name = "Min Operating Temperature"; Value = "-55°C"; VariantName = "[No Variations]"
Add component (AddParameter): Name = "Mount"; Value = "Surface Mount"; VariantName = "[No Variations]"
Add component (AddParameter): Name = "Package Quantity"; Value = "10000"; VariantName = "[No Variations]"
Add component (AddParameter): Name = "Packaging"; Value = "Tape and Reel"; VariantName = "[No Variations]"
Add component (AddParameter): Name = "Power Rating"; Value = "62.5mW"; VariantName = "[No Variations]"
Add component (AddParameter): Name = "Radiation Hardening"; Value = "No"; VariantName = "[No Variations]"
Add component (AddParameter): Name = "Resistance"; Value = "270R"; VariantName = "[No Variations]"
Add component (AddParameter): Name = "Temperature Coefficient"; Value = "200ppm/°C"; VariantName = "[No Variations]"
Add component (AddParameter): Name = "Termination"; Value = "SMD/SMT"; VariantName = "[No Variations]"
Add component (AddParameter): Name = "Thickness"; Value = "356um"; VariantName = "[No Variations]"
Add component (AddParameter): Name = "Tolerance"; Value = "5%"; VariantName = "[No Variations]"
Add component (AddParameter): Name = "Voltage Rating"; Value = "50V"; VariantName = "[No Variations]"
Add component (AddParameter): Name = "Width"; Value = "0.5mm"; VariantName = "[No Variations]"
Added Component: Designator=R5_2(FP-TFCR0402-IPC_B)
Added Component: Designator=R5(RESC1005X40X25NL05T10)
Add component (AddParameter): Name = "Manufacturer"; Value = "Yageo / Phycomp"; VariantName = "[No Variations]"
Add component (AddParameter): Name = "Part Number"; Value = "RC0402FR-07100KL"; VariantName = "[No Variations]"
Added Component: Designator=R6_1(FP-CR0402-IPC_A)
Add component (AddParameter): Name = "Case Code (Imperial)"; Value = "0402"; VariantName = "[No Variations]"
Add component (AddParameter): Name = "Case Code (Metric)"; Value = "1005"; VariantName = "[No Variations]"
Add component (AddParameter): Name = "Case/Package"; Value = "0402"; VariantName = "[No Variations]"
Add component (AddParameter): Name = "Composition"; Value = "Thick Film"; VariantName = "[No Variations]"
Add component (AddParameter): Name = "Contact Plating"; Value = "Tin"; VariantName = "[No Variations]"
Add component (AddParameter): Name = "Depth"; Value = "0.5mm"; VariantName = "[No Variations]"
Add component (AddParameter): Name = "Height"; Value = "0.35mm"; VariantName = "[No Variations]"
Add component (AddParameter): Name = "Length"; Value = "1mm"; VariantName = "[No Variations]"
Add component (AddParameter): Name = "Max Operating Temperature"; Value = "125°C"; VariantName = "[No Variations]"
Add component (AddParameter): Name = "Military Standard"; Value = "Not"; VariantName = "[No Variations]"
Add component (AddParameter): Name = "Min Operating Temperature"; Value = "-55°C"; VariantName = "[No Variations]"
Add component (AddParameter): Name = "Mount"; Value = "Surface Mount"; VariantName = "[No Variations]"
Add component (AddParameter): Name = "Package Quantity"; Value = "10000"; VariantName = "[No Variations]"
Add component (AddParameter): Name = "Packaging"; Value = "Tape and Reel"; VariantName = "[No Variations]"
Add component (AddParameter): Name = "Power Rating"; Value = "62.5mW"; VariantName = "[No Variations]"
Add component (AddParameter): Name = "Radiation Hardening"; Value = "No"; VariantName = "[No Variations]"
Add component (AddParameter): Name = "Resistance"; Value = "270R"; VariantName = "[No Variations]"
Add component (AddParameter): Name = "Temperature Coefficient"; Value = "200ppm/°C"; VariantName = "[No Variations]"
Add component (AddParameter): Name = "Termination"; Value = "SMD/SMT"; VariantName = "[No Variations]"
Add component (AddParameter): Name = "Thickness"; Value = "356um"; VariantName = "[No Variations]"
Add component (AddParameter): Name = "Tolerance"; Value = "5%"; VariantName = "[No Variations]"
Add component (AddParameter): Name = "Voltage Rating"; Value = "50V"; VariantName = "[No Variations]"
Add component (AddParameter): Name = "Width"; Value = "0.5mm"; VariantName = "[No Variations]"
Added Component: Designator=R6_2(FP-TFCR0402-IPC_B)
Added Component: Designator=R6(RESC1005X40X25NL05T05)
Add component (AddParameter): Name = "Case Code (Imperial)"; Value = "0402"; VariantName = "[No Variations]"
Add component (AddParameter): Name = "Case Code (Metric)"; Value = "1005"; VariantName = "[No Variations]"
Add component (AddParameter): Name = "Case\/Package"; Value = "0402"; VariantName = "[No Variations]"
Add component (AddParameter): Name = "ComponentLink1Description"; Value = "Manufacturer URL"; VariantName = "[No Variations]"
Add component (AddParameter): Name = "ComponentLink1URL"; Value = "http://www.panasonic.com/"; VariantName = "[No Variations]"
Add component (AddParameter): Name = "ComponentLink2Description"; Value = "Datasheet"; VariantName = "[No Variations]"
Add component (AddParameter): Name = "ComponentLink2URL"; Value = "http://industrial.panasonic.com/cdbs/www-data/pdf/RDA0000/AOA0000C86.pdf"; VariantName = "[No Variations]"
Add component (AddParameter): Name = "DatasheetVersion"; Value = "04/2015"; VariantName = "[No Variations]"
Add component (AddParameter): Name = "Height"; Value = "0.35 mm"; VariantName = "[No Variations]"
Add component (AddParameter): Name = "Length"; Value = "1 mm"; VariantName = "[No Variations]"
Add component (AddParameter): Name = "Manufacturer"; Value = "Basic Passives"; VariantName = "[No Variations]"
Add component (AddParameter): Name = "Max Operating Temperature"; Value = "155 degC"; VariantName = "[No Variations]"
Add component (AddParameter): Name = "Min Operating Temperature"; Value = "-55 degC"; VariantName = "[No Variations]"
Add component (AddParameter): Name = "Mount"; Value = "Surface Mount"; VariantName = "[No Variations]"
Add component (AddParameter): Name = "Mounting Technology"; Value = "Surface Mount"; VariantName = "[No Variations]"
Add component (AddParameter): Name = "Package Quantity"; Value = "10000"; VariantName = "[No Variations]"
Add component (AddParameter): Name = "PackageDescription"; Value = "2-Pin Surface Mount Device, Body 1 x 0.5 mm"; VariantName = "[No Variations]"
Add component (AddParameter): Name = "PackageReference"; Value = "0402"; VariantName = "[No Variations]"
Add component (AddParameter): Name = "Packaging"; Value = "Tape and Reel"; VariantName = "[No Variations]"
Add component (AddParameter): Name = "PartNumber"; Value = "ERJ-2RKF2003X"; VariantName = "[No Variations]"
Add component (AddParameter): Name = "Pins"; Value = "2"; VariantName = "[No Variations]"
Add component (AddParameter): Name = "Power Rating"; Value = "100 mW"; VariantName = "[No Variations]"
Add component (AddParameter): Name = "Radiation Hardening"; Value = "No"; VariantName = "[No Variations]"
Add component (AddParameter): Name = "REACH SVHC"; Value = "No SVHC"; VariantName = "[No Variations]"
Add component (AddParameter): Name = "Resistance"; Value = "200 KOhm"; VariantName = "[No Variations]"
Add component (AddParameter): Name = "RoHSCompliant"; Value = "true"; VariantName = "[No Variations]"
Add component (AddParameter): Name = "Tolerance"; Value = "1%"; VariantName = "[No Variations]"
Add component (AddParameter): Name = "Voltage Rating"; Value = "50 V"; VariantName = "[No Variations]"
Add component (AddParameter): Name = "Width"; Value = "0.5 mm"; VariantName = "[No Variations]"
Added Component: Designator=R7_1(FP-CR0402-IPC_A)
Add component (AddParameter): Name = "Case Code (Imperial)"; Value = "0402"; VariantName = "[No Variations]"
Add component (AddParameter): Name = "Case Code (Metric)"; Value = "1005"; VariantName = "[No Variations]"
Add component (AddParameter): Name = "Case/Package"; Value = "0402"; VariantName = "[No Variations]"
Add component (AddParameter): Name = "Composition"; Value = "Thick Film"; VariantName = "[No Variations]"
Add component (AddParameter): Name = "Contact Plating"; Value = "Tin"; VariantName = "[No Variations]"
Add component (AddParameter): Name = "Depth"; Value = "0.5mm"; VariantName = "[No Variations]"
Add component (AddParameter): Name = "Height"; Value = "0.35mm"; VariantName = "[No Variations]"
Add component (AddParameter): Name = "Length"; Value = "1mm"; VariantName = "[No Variations]"
Add component (AddParameter): Name = "Max Operating Temperature"; Value = "125°C"; VariantName = "[No Variations]"
Add component (AddParameter): Name = "Military Standard"; Value = "Not"; VariantName = "[No Variations]"
Add component (AddParameter): Name = "Min Operating Temperature"; Value = "-55°C"; VariantName = "[No Variations]"
Add component (AddParameter): Name = "Mount"; Value = "Surface Mount"; VariantName = "[No Variations]"
Add component (AddParameter): Name = "Package Quantity"; Value = "10000"; VariantName = "[No Variations]"
Add component (AddParameter): Name = "Packaging"; Value = "Tape and Reel"; VariantName = "[No Variations]"
Add component (AddParameter): Name = "Power Rating"; Value = "62.5mW"; VariantName = "[No Variations]"
Add component (AddParameter): Name = "Radiation Hardening"; Value = "No"; VariantName = "[No Variations]"
Add component (AddParameter): Name = "Resistance"; Value = "270R"; VariantName = "[No Variations]"
Add component (AddParameter): Name = "Temperature Coefficient"; Value = "200ppm/°C"; VariantName = "[No Variations]"
Add component (AddParameter): Name = "Termination"; Value = "SMD/SMT"; VariantName = "[No Variations]"
Add component (AddParameter): Name = "Thickness"; Value = "356um"; VariantName = "[No Variations]"
Add component (AddParameter): Name = "Tolerance"; Value = "5%"; VariantName = "[No Variations]"
Add component (AddParameter): Name = "Voltage Rating"; Value = "50V"; VariantName = "[No Variations]"
Add component (AddParameter): Name = "Width"; Value = "0.5mm"; VariantName = "[No Variations]"
Added Component: Designator=R7_2(FP-TFCR0402-IPC_B)
Added Component: Designator=R7(RESC1005X40X25NL05T10)
Add component (AddParameter): Name = "Manufacturer"; Value = "Yageo / Phycomp"; VariantName = "[No Variations]"
Add component (AddParameter): Name = "Part Number"; Value = "RC0402FR-0744K2L"; VariantName = "[No Variations]"
Added Component: Designator=R8_1(FP-CR0402-IPC_A)
Add component (AddParameter): Name = "Case Code (Imperial)"; Value = "0402"; VariantName = "[No Variations]"
Add component (AddParameter): Name = "Case Code (Metric)"; Value = "1005"; VariantName = "[No Variations]"
Add component (AddParameter): Name = "Case/Package"; Value = "0402"; VariantName = "[No Variations]"
Add component (AddParameter): Name = "Composition"; Value = "Thick Film"; VariantName = "[No Variations]"
Add component (AddParameter): Name = "Contact Plating"; Value = "Tin"; VariantName = "[No Variations]"
Add component (AddParameter): Name = "Depth"; Value = "0.5mm"; VariantName = "[No Variations]"
Add component (AddParameter): Name = "Height"; Value = "0.35mm"; VariantName = "[No Variations]"
Add component (AddParameter): Name = "Length"; Value = "1mm"; VariantName = "[No Variations]"
Add component (AddParameter): Name = "Max Operating Temperature"; Value = "125°C"; VariantName = "[No Variations]"
Add component (AddParameter): Name = "Military Standard"; Value = "Not"; VariantName = "[No Variations]"
Add component (AddParameter): Name = "Min Operating Temperature"; Value = "-55°C"; VariantName = "[No Variations]"
Add component (AddParameter): Name = "Mount"; Value = "Surface Mount"; VariantName = "[No Variations]"
Add component (AddParameter): Name = "Package Quantity"; Value = "10000"; VariantName = "[No Variations]"
Add component (AddParameter): Name = "Packaging"; Value = "Tape and Reel"; VariantName = "[No Variations]"
Add component (AddParameter): Name = "Power Rating"; Value = "62.5mW"; VariantName = "[No Variations]"
Add component (AddParameter): Name = "Radiation Hardening"; Value = "No"; VariantName = "[No Variations]"
Add component (AddParameter): Name = "Resistance"; Value = "270R"; VariantName = "[No Variations]"
Add component (AddParameter): Name = "Temperature Coefficient"; Value = "200ppm/°C"; VariantName = "[No Variations]"
Add component (AddParameter): Name = "Termination"; Value = "SMD/SMT"; VariantName = "[No Variations]"
Add component (AddParameter): Name = "Thickness"; Value = "356um"; VariantName = "[No Variations]"
Add component (AddParameter): Name = "Tolerance"; Value = "5%"; VariantName = "[No Variations]"
Add component (AddParameter): Name = "Voltage Rating"; Value = "50V"; VariantName = "[No Variations]"
Add component (AddParameter): Name = "Width"; Value = "0.5mm"; VariantName = "[No Variations]"
Added Component: Designator=R8_2(FP-TFCR0402-IPC_B)
Added Component: Designator=R8(FP-RC0402-0_4-MFG)
Add component (AddParameter): Name = "Case Code (Imperial)"; Value = "0402"; VariantName = "[No Variations]"
Add component (AddParameter): Name = "Case Code (Metric)"; Value = "1005"; VariantName = "[No Variations]"
Add component (AddParameter): Name = "Case/Package"; Value = "0402"; VariantName = "[No Variations]"
Add component (AddParameter): Name = "Composition"; Value = "Thick Film"; VariantName = "[No Variations]"
Add component (AddParameter): Name = "Depth"; Value = "500µm"; VariantName = "[No Variations]"
Add component (AddParameter): Name = "Features"; Value = "Moisture Resistant"; VariantName = "[No Variations]"
Add component (AddParameter): Name = "Height"; Value = "350µm"; VariantName = "[No Variations]"
Add component (AddParameter): Name = "Lead Free"; Value = "Lead Free"; VariantName = "[No Variations]"
Add component (AddParameter): Name = "Length"; Value = "1mm"; VariantName = "[No Variations]"
Add component (AddParameter): Name = "Max Operating Temperature"; Value = "155°C"; VariantName = "[No Variations]"
Add component (AddParameter): Name = "Max Power Dissipation"; Value = "63mW"; VariantName = "[No Variations]"
Add component (AddParameter): Name = "Military Standard"; Value = "Not"; VariantName = "[No Variations]"
Add component (AddParameter): Name = "Min Operating Temperature"; Value = "-55°C"; VariantName = "[No Variations]"
Add component (AddParameter): Name = "NexarPartId"; Value = "39794396"; VariantName = "[No Variations]"
Add component (AddParameter): Name = "Number of Pins"; Value = "2"; VariantName = "[No Variations]"
Add component (AddParameter): Name = "Number of Terminations"; Value = "2"; VariantName = "[No Variations]"
Add component (AddParameter): Name = "Packaging"; Value = "Tape & Reel"; VariantName = "[No Variations]"
Add component (AddParameter): Name = "Power Rating"; Value = "62.5mW"; VariantName = "[No Variations]"
Add component (AddParameter): Name = "REACH SVHC"; Value = "No SVHC"; VariantName = "[No Variations]"
Add component (AddParameter): Name = "Resistance"; Value = "20kO"; VariantName = "[No Variations]"
Add component (AddParameter): Name = "RoHS"; Value = "Compliant"; VariantName = "[No Variations]"
Add component (AddParameter): Name = "Schedule B"; Value = "8533210045, 8533210045"; VariantName = "[No Variations]"
Add component (AddParameter): Name = "Temperature Coefficient"; Value = "100ppm/°C"; VariantName = "[No Variations]"
Add component (AddParameter): Name = "Termination"; Value = "SMD/SMT"; VariantName = "[No Variations]"
Add component (AddParameter): Name = "Tolerance"; Value = "1%"; VariantName = "[No Variations]"
Add component (AddParameter): Name = "Voltage Rating"; Value = "50V"; VariantName = "[No Variations]"
Add component (AddParameter): Name = "Voltage Rating (DC)"; Value = "50V"; VariantName = "[No Variations]"
Add component (AddParameter): Name = "Width"; Value = "500µm"; VariantName = "[No Variations]"
Added Component: Designator=R9_1(FP-CR0402-IPC_A)
Add component (AddParameter): Name = "Case Code (Imperial)"; Value = "0402"; VariantName = "[No Variations]"
Add component (AddParameter): Name = "Case Code (Metric)"; Value = "1005"; VariantName = "[No Variations]"
Add component (AddParameter): Name = "Case/Package"; Value = "0402"; VariantName = "[No Variations]"
Add component (AddParameter): Name = "Composition"; Value = "Thick Film"; VariantName = "[No Variations]"
Add component (AddParameter): Name = "Contact Plating"; Value = "Tin"; VariantName = "[No Variations]"
Add component (AddParameter): Name = "Depth"; Value = "0.5mm"; VariantName = "[No Variations]"
Add component (AddParameter): Name = "Height"; Value = "0.35mm"; VariantName = "[No Variations]"
Add component (AddParameter): Name = "Length"; Value = "1mm"; VariantName = "[No Variations]"
Add component (AddParameter): Name = "Max Operating Temperature"; Value = "125°C"; VariantName = "[No Variations]"
Add component (AddParameter): Name = "Military Standard"; Value = "Not"; VariantName = "[No Variations]"
Add component (AddParameter): Name = "Min Operating Temperature"; Value = "-55°C"; VariantName = "[No Variations]"
Add component (AddParameter): Name = "Mount"; Value = "Surface Mount"; VariantName = "[No Variations]"
Add component (AddParameter): Name = "Package Quantity"; Value = "10000"; VariantName = "[No Variations]"
Add component (AddParameter): Name = "Packaging"; Value = "Tape and Reel"; VariantName = "[No Variations]"
Add component (AddParameter): Name = "Power Rating"; Value = "62.5mW"; VariantName = "[No Variations]"
Add component (AddParameter): Name = "Radiation Hardening"; Value = "No"; VariantName = "[No Variations]"
Add component (AddParameter): Name = "Resistance"; Value = "270R"; VariantName = "[No Variations]"
Add component (AddParameter): Name = "Temperature Coefficient"; Value = "200ppm/°C"; VariantName = "[No Variations]"
Add component (AddParameter): Name = "Termination"; Value = "SMD/SMT"; VariantName = "[No Variations]"
Add component (AddParameter): Name = "Thickness"; Value = "356um"; VariantName = "[No Variations]"
Add component (AddParameter): Name = "Tolerance"; Value = "5%"; VariantName = "[No Variations]"
Add component (AddParameter): Name = "Voltage Rating"; Value = "50V"; VariantName = "[No Variations]"
Add component (AddParameter): Name = "Width"; Value = "0.5mm"; VariantName = "[No Variations]"
Added Component: Designator=R9_2(FP-TFCR0402-IPC_B)
Added Component: Designator=R9(FP-RC0603-0_55-IPC_C)
Add component (AddParameter): Name = "Case Code (Imperial)"; Value = "0603"; VariantName = "[No Variations]"
Add component (AddParameter): Name = "Case Code (Metric)"; Value = "1608"; VariantName = "[No Variations]"
Add component (AddParameter): Name = "Case/Package"; Value = "0603"; VariantName = "[No Variations]"
Add component (AddParameter): Name = "Construction"; Value = "Rectangular"; VariantName = "[No Variations]"
Add component (AddParameter): Name = "Depth"; Value = "0.8mm"; VariantName = "[No Variations]"
Add component (AddParameter): Name = "Features"; Value = "Moisture Resistant"; VariantName = "[No Variations]"
Add component (AddParameter): Name = "Height"; Value = "0.45mm"; VariantName = "[No Variations]"
Add component (AddParameter): Name = "Lead Free"; Value = "Lead Free"; VariantName = "[No Variations]"
Add component (AddParameter): Name = "Lead Pitch"; Value = "0.3mm"; VariantName = "[No Variations]"
Add component (AddParameter): Name = "Length"; Value = "1.6mm"; VariantName = "[No Variations]"
Add component (AddParameter): Name = "Max Operating Temperature"; Value = "155°C"; VariantName = "[No Variations]"
Add component (AddParameter): Name = "Max Power Dissipation"; Value = "100mW"; VariantName = "[No Variations]"
Add component (AddParameter): Name = "Military Standard"; Value = "Not"; VariantName = "[No Variations]"
Add component (AddParameter): Name = "Min Operating Temperature"; Value = "-55°C"; VariantName = "[No Variations]"
Add component (AddParameter): Name = "Number of Pins"; Value = "2"; VariantName = "[No Variations]"
Add component (AddParameter): Name = "Number of Terminations"; Value = "2"; VariantName = "[No Variations]"
Add component (AddParameter): Name = "Packaging"; Value = "Tape and Reel"; VariantName = "[No Variations]"
Add component (AddParameter): Name = "Power Rating"; Value = "100mW"; VariantName = "[No Variations]"
Add component (AddParameter): Name = "Resistance"; Value = "10kR"; VariantName = "[No Variations]"
Add component (AddParameter): Name = "Resistance Tolerance"; Value = "1%"; VariantName = "[No Variations]"
Add component (AddParameter): Name = "Resistor Type"; Value = "Thick Film"; VariantName = "[No Variations]"
Add component (AddParameter): Name = "RoHS Compliant"; Value = "Yes"; VariantName = "[No Variations]"
Add component (AddParameter): Name = "Series"; Value = "RC"; VariantName = "[No Variations]"
Add component (AddParameter): Name = "Size Code"; Value = "0603"; VariantName = "[No Variations]"
Add component (AddParameter): Name = "Temperature Coefficient"; Value = "100ppm/°C"; VariantName = "[No Variations]"
Add component (AddParameter): Name = "Termination"; Value = "SMD/SMT"; VariantName = "[No Variations]"
Add component (AddParameter): Name = "Tolerance"; Value = "1%"; VariantName = "[No Variations]"
Add component (AddParameter): Name = "Voltage Rating"; Value = "75V"; VariantName = "[No Variations]"
Add component (AddParameter): Name = "Voltage Rating (DC)"; Value = "50V"; VariantName = "[No Variations]"
Add component (AddParameter): Name = "Weight"; Value = "7.1E-05oz"; VariantName = "[No Variations]"
Add component (AddParameter): Name = "Width"; Value = "0.8mm"; VariantName = "[No Variations]"
Added Component: Designator=R10(FP-RC0603-0_55-IPC_C)
Add component (AddParameter): Name = "Case Code (Imperial)"; Value = "0603"; VariantName = "[No Variations]"
Add component (AddParameter): Name = "Case Code (Metric)"; Value = "1608"; VariantName = "[No Variations]"
Add component (AddParameter): Name = "Case/Package"; Value = "0603"; VariantName = "[No Variations]"
Add component (AddParameter): Name = "Construction"; Value = "Rectangular"; VariantName = "[No Variations]"
Add component (AddParameter): Name = "Depth"; Value = "0.8mm"; VariantName = "[No Variations]"
Add component (AddParameter): Name = "Features"; Value = "Moisture Resistant"; VariantName = "[No Variations]"
Add component (AddParameter): Name = "Height"; Value = "0.45mm"; VariantName = "[No Variations]"
Add component (AddParameter): Name = "Lead Free"; Value = "Lead Free"; VariantName = "[No Variations]"
Add component (AddParameter): Name = "Lead Pitch"; Value = "0.3mm"; VariantName = "[No Variations]"
Add component (AddParameter): Name = "Length"; Value = "1.6mm"; VariantName = "[No Variations]"
Add component (AddParameter): Name = "Max Operating Temperature"; Value = "155°C"; VariantName = "[No Variations]"
Add component (AddParameter): Name = "Max Power Dissipation"; Value = "100mW"; VariantName = "[No Variations]"
Add component (AddParameter): Name = "Military Standard"; Value = "Not"; VariantName = "[No Variations]"
Add component (AddParameter): Name = "Min Operating Temperature"; Value = "-55°C"; VariantName = "[No Variations]"
Add component (AddParameter): Name = "Number of Pins"; Value = "2"; VariantName = "[No Variations]"
Add component (AddParameter): Name = "Number of Terminations"; Value = "2"; VariantName = "[No Variations]"
Add component (AddParameter): Name = "Packaging"; Value = "Tape and Reel"; VariantName = "[No Variations]"
Add component (AddParameter): Name = "Power Rating"; Value = "100mW"; VariantName = "[No Variations]"
Add component (AddParameter): Name = "Resistance"; Value = "10kR"; VariantName = "[No Variations]"
Add component (AddParameter): Name = "Resistance Tolerance"; Value = "1%"; VariantName = "[No Variations]"
Add component (AddParameter): Name = "Resistor Type"; Value = "Thick Film"; VariantName = "[No Variations]"
Add component (AddParameter): Name = "RoHS Compliant"; Value = "Yes"; VariantName = "[No Variations]"
Add component (AddParameter): Name = "Series"; Value = "RC"; VariantName = "[No Variations]"
Add component (AddParameter): Name = "Size Code"; Value = "0603"; VariantName = "[No Variations]"
Add component (AddParameter): Name = "Temperature Coefficient"; Value = "100ppm/°C"; VariantName = "[No Variations]"
Add component (AddParameter): Name = "Termination"; Value = "SMD/SMT"; VariantName = "[No Variations]"
Add component (AddParameter): Name = "Tolerance"; Value = "1%"; VariantName = "[No Variations]"
Add component (AddParameter): Name = "Voltage Rating"; Value = "75V"; VariantName = "[No Variations]"
Add component (AddParameter): Name = "Voltage Rating (DC)"; Value = "50V"; VariantName = "[No Variations]"
Add component (AddParameter): Name = "Weight"; Value = "7.1E-05oz"; VariantName = "[No Variations]"
Add component (AddParameter): Name = "Width"; Value = "0.8mm"; VariantName = "[No Variations]"
Added Component: Designator=R11(RESC0603X26X15NL03T05)
Add component (AddParameter): Name = "Manufacturer"; Value = "Multicomp"; VariantName = "[No Variations]"
Add component (AddParameter): Name = "Part Number"; Value = "MCRE000157"; VariantName = "[No Variations]"
Added Component: Designator=R12(RESC1005X40X25ML05T05)
Add component (AddParameter): Name = "Case Code (Imperial)"; Value = "0402"; VariantName = "[No Variations]"
Add component (AddParameter): Name = "Case Code (Metric)"; Value = "1005"; VariantName = "[No Variations]"
Add component (AddParameter): Name = "Case\/Package"; Value = "0402"; VariantName = "[No Variations]"
Add component (AddParameter): Name = "ComponentLink1Description"; Value = "Manufacturer URL"; VariantName = "[No Variations]"
Add component (AddParameter): Name = "ComponentLink1URL"; Value = "http://www.panasonic.com/"; VariantName = "[No Variations]"
Add component (AddParameter): Name = "ComponentLink2Description"; Value = "Datasheet"; VariantName = "[No Variations]"
Add component (AddParameter): Name = "ComponentLink2URL"; Value = "http://industrial.panasonic.com/cdbs/www-data/pdf/RDA0000/AOA0000C86.pdf"; VariantName = "[No Variations]"
Add component (AddParameter): Name = "DatasheetVersion"; Value = "04/2015"; VariantName = "[No Variations]"
Add component (AddParameter): Name = "Height"; Value = "0.35 mm"; VariantName = "[No Variations]"
Add component (AddParameter): Name = "Length"; Value = "1 mm"; VariantName = "[No Variations]"
Add component (AddParameter): Name = "Max Operating Temperature"; Value = "155 degC"; VariantName = "[No Variations]"
Add component (AddParameter): Name = "Min Operating Temperature"; Value = "-55 degC"; VariantName = "[No Variations]"
Add component (AddParameter): Name = "Mount"; Value = "Surface Mount"; VariantName = "[No Variations]"
Add component (AddParameter): Name = "Mounting Technology"; Value = "Surface Mount"; VariantName = "[No Variations]"
Add component (AddParameter): Name = "Package Quantity"; Value = "10000"; VariantName = "[No Variations]"
Add component (AddParameter): Name = "PackageDescription"; Value = "2-Pin Surface Mount Device, Body 1 x 0.5 mm"; VariantName = "[No Variations]"
Add component (AddParameter): Name = "PackageReference"; Value = "0402"; VariantName = "[No Variations]"
Add component (AddParameter): Name = "Packaging"; Value = "Tape and Reel"; VariantName = "[No Variations]"
Add component (AddParameter): Name = "PartNumber"; Value = "ERJ-2RKF1202X"; VariantName = "[No Variations]"
Add component (AddParameter): Name = "Pins"; Value = "2"; VariantName = "[No Variations]"
Add component (AddParameter): Name = "Power Rating"; Value = "100 mW"; VariantName = "[No Variations]"
Add component (AddParameter): Name = "REACH SVHC"; Value = "Yes"; VariantName = "[No Variations]"
Add component (AddParameter): Name = "Resistance"; Value = "12 KOhm"; VariantName = "[No Variations]"
Add component (AddParameter): Name = "RoHSCompliant"; Value = "true"; VariantName = "[No Variations]"
Add component (AddParameter): Name = "Tolerance"; Value = "1%"; VariantName = "[No Variations]"
Add component (AddParameter): Name = "Voltage Rating"; Value = "50 V"; VariantName = "[No Variations]"
Add component (AddParameter): Name = "Width"; Value = "0.5 mm"; VariantName = "[No Variations]"
Added Component: Designator=R13(RESC0603X26X15NL03T05)
Add component (AddParameter): Name = "Manufacturer"; Value = "Multicomp"; VariantName = "[No Variations]"
Add component (AddParameter): Name = "Part Number"; Value = "MCRE000157"; VariantName = "[No Variations]"
Added Component: Designator=R?(FP-RC0603-0_55-IPC_C)
Add component (AddParameter): Name = "Case Code (Imperial)"; Value = "0603"; VariantName = "[No Variations]"
Add component (AddParameter): Name = "Case Code (Metric)"; Value = "1608"; VariantName = "[No Variations]"
Add component (AddParameter): Name = "Case/Package"; Value = "0603"; VariantName = "[No Variations]"
Add component (AddParameter): Name = "Construction"; Value = "Rectangular"; VariantName = "[No Variations]"
Add component (AddParameter): Name = "Depth"; Value = "0.8mm"; VariantName = "[No Variations]"
Add component (AddParameter): Name = "Features"; Value = "Moisture Resistant"; VariantName = "[No Variations]"
Add component (AddParameter): Name = "Height"; Value = "0.45mm"; VariantName = "[No Variations]"
Add component (AddParameter): Name = "Lead Free"; Value = "Lead Free"; VariantName = "[No Variations]"
Add component (AddParameter): Name = "Lead Pitch"; Value = "0.3mm"; VariantName = "[No Variations]"
Add component (AddParameter): Name = "Length"; Value = "1.6mm"; VariantName = "[No Variations]"
Add component (AddParameter): Name = "Max Operating Temperature"; Value = "155°C"; VariantName = "[No Variations]"
Add component (AddParameter): Name = "Max Power Dissipation"; Value = "100mW"; VariantName = "[No Variations]"
Add component (AddParameter): Name = "Military Standard"; Value = "Not"; VariantName = "[No Variations]"
Add component (AddParameter): Name = "Min Operating Temperature"; Value = "-55°C"; VariantName = "[No Variations]"
Add component (AddParameter): Name = "Number of Pins"; Value = "2"; VariantName = "[No Variations]"
Add component (AddParameter): Name = "Number of Terminations"; Value = "2"; VariantName = "[No Variations]"
Add component (AddParameter): Name = "Packaging"; Value = "Tape and Reel"; VariantName = "[No Variations]"
Add component (AddParameter): Name = "Power Rating"; Value = "100mW"; VariantName = "[No Variations]"
Add component (AddParameter): Name = "Resistance"; Value = "10kR"; VariantName = "[No Variations]"
Add component (AddParameter): Name = "Resistance Tolerance"; Value = "1%"; VariantName = "[No Variations]"
Add component (AddParameter): Name = "Resistor Type"; Value = "Thick Film"; VariantName = "[No Variations]"
Add component (AddParameter): Name = "RoHS Compliant"; Value = "Yes"; VariantName = "[No Variations]"
Add component (AddParameter): Name = "Series"; Value = "RC"; VariantName = "[No Variations]"
Add component (AddParameter): Name = "Size Code"; Value = "0603"; VariantName = "[No Variations]"
Add component (AddParameter): Name = "Temperature Coefficient"; Value = "100ppm/°C"; VariantName = "[No Variations]"
Add component (AddParameter): Name = "Termination"; Value = "SMD/SMT"; VariantName = "[No Variations]"
Add component (AddParameter): Name = "Tolerance"; Value = "1%"; VariantName = "[No Variations]"
Add component (AddParameter): Name = "Voltage Rating"; Value = "75V"; VariantName = "[No Variations]"
Add component (AddParameter): Name = "Voltage Rating (DC)"; Value = "50V"; VariantName = "[No Variations]"
Add component (AddParameter): Name = "Weight"; Value = "7.1E-05oz"; VariantName = "[No Variations]"
Add component (AddParameter): Name = "Width"; Value = "0.8mm"; VariantName = "[No Variations]"
Added Component: Designator=R?(FP-RT0402-0_35-MFG)
Add component (AddParameter): Name = "Case/Package"; Value = "0402"; VariantName = "[No Variations]"
Add component (AddParameter): Name = "Composition"; Value = "Thin Film"; VariantName = "[No Variations]"
Add component (AddParameter): Name = "Features"; Value = "Moisture Resistant"; VariantName = "[No Variations]"
Add component (AddParameter): Name = "Height"; Value = "355.6µm"; VariantName = "[No Variations]"
Add component (AddParameter): Name = "Length"; Value = "990.6µm"; VariantName = "[No Variations]"
Add component (AddParameter): Name = "Max Operating Temperature"; Value = "155°C"; VariantName = "[No Variations]"
Add component (AddParameter): Name = "Max Power Dissipation"; Value = "63mW"; VariantName = "[No Variations]"
Add component (AddParameter): Name = "Min Operating Temperature"; Value = "-55°C"; VariantName = "[No Variations]"
Add component (AddParameter): Name = "NexarPartId"; Value = "71392720"; VariantName = "[No Variations]"
Add component (AddParameter): Name = "Number of Terminations"; Value = "2"; VariantName = "[No Variations]"
Add component (AddParameter): Name = "Packaging"; Value = "Tape & Reel"; VariantName = "[No Variations]"
Add component (AddParameter): Name = "Resistance"; Value = "50O"; VariantName = "[No Variations]"
Add component (AddParameter): Name = "RoHS"; Value = "Compliant"; VariantName = "[No Variations]"
Add component (AddParameter): Name = "Temperature Coefficient"; Value = "50ppm/°C"; VariantName = "[No Variations]"
Add component (AddParameter): Name = "Tolerance"; Value = "0.1%"; VariantName = "[No Variations]"
Add component (AddParameter): Name = "Width"; Value = "508µm"; VariantName = "[No Variations]"
Added Component: Designator=R_1(FP-RT0402-MFG)
Add component (AddParameter): Name = "Automotive"; Value = "No"; VariantName = "[No Variations]"
Add component (AddParameter): Name = "Category"; Value = "Res"; VariantName = "[No Variations]"
Add component (AddParameter): Name = "ComponentLink2Description"; Value = "Datasheet"; VariantName = "[No Variations]"
Add component (AddParameter): Name = "ComponentLink2URL"; Value = "http://www.yageo.com/documents/recent/PYu-RT_1-to-0.01_RoHS_L_9.pdf"; VariantName = "[No Variations]"
Add component (AddParameter): Name = "Composition"; Value = "Thin Film"; VariantName = "[No Variations]"
Add component (AddParameter): Name = "Device Class L1"; Value = "Passive Components"; VariantName = "[No Variations]"
Add component (AddParameter): Name = "Device Class L2"; Value = "Resistors"; VariantName = "[No Variations]"
Add component (AddParameter): Name = "Device Class L3"; Value = "Chip SMD Resistors"; VariantName = "[No Variations]"
Add component (AddParameter): Name = "Digikey Description"; Value = "RES SMD 10K OHM 0.1% 1/16W 0402"; VariantName = "[No Variations]"
Add component (AddParameter): Name = "Footprint Url"; Value = "http://www.yageo.com/exep/pages/download/literatures/PYu-R_Mount_10.pdf"; VariantName = "[No Variations]"
Add component (AddParameter): Name = "Height"; Value = "0.35mm"; VariantName = "[No Variations]"
Add component (AddParameter): Name = "Ipc Land Pattern Name"; Value = "RESC10050X30"; VariantName = "[No Variations]"
Add component (AddParameter): Name = "Lead Free"; Value = "Yes"; VariantName = "[No Variations]"
Add component (AddParameter): Name = "Manufacturer"; Value = "Yageo"; VariantName = "[No Variations]"
Add component (AddParameter): Name = "Manufacturer Part Number"; Value = "RT0402BRE0710KL"; VariantName = "[No Variations]"
Add component (AddParameter): Name = "Mouser Description"; Value = "Res Thin Film 0402 10K Ohm 0.1% 1/16W ±50ppm/°C Molded SMD Paper T/R"; VariantName = "[No Variations]"
Add component (AddParameter): Name = "Octopart"; Value = "https://octopart.com/rt0402bre0710kl-yageo-1416557"; VariantName = "[No Variations]"
Add component (AddParameter): Name = "Package"; Value = "RT0402"; VariantName = "[No Variations]"
Add component (AddParameter): Name = "Power Rating"; Value = "0.063W"; VariantName = "[No Variations]"
Add component (AddParameter): Name = "Resistance"; Value = "10KO"; VariantName = "[No Variations]"
Add component (AddParameter): Name = "RoHS"; Value = "TRUE"; VariantName = "[No Variations]"
Add component (AddParameter): Name = "Series"; Value = "RT"; VariantName = "[No Variations]"
Add component (AddParameter): Name = "Temperature"; Value = "-55°C to +155°C"; VariantName = "[No Variations]"
Add component (AddParameter): Name = "Temperature Coefficient"; Value = "50 ppm/°C"; VariantName = "[No Variations]"
Add component (AddParameter): Name = "Temperature Range High"; Value = "+155°C"; VariantName = "[No Variations]"
Add component (AddParameter): Name = "Temperature Range Low"; Value = "-55°C"; VariantName = "[No Variations]"
Add component (AddParameter): Name = "Tolerance"; Value = "0.001"; VariantName = "[No Variations]"
Add component (AddParameter): Name = "Value"; Value = "10KO"; VariantName = "[No Variations]"
Add component (AddParameter): Name = "Voltage Rating"; Value = "50V"; VariantName = "[No Variations]"
Added Component: Designator=R_?(FP-RT0402-MFG)
Add component (AddParameter): Name = "Automotive"; Value = "No"; VariantName = "[No Variations]"
Add component (AddParameter): Name = "Category"; Value = "Res"; VariantName = "[No Variations]"
Add component (AddParameter): Name = "ComponentLink2Description"; Value = "Datasheet"; VariantName = "[No Variations]"
Add component (AddParameter): Name = "ComponentLink2URL"; Value = "http://www.yageo.com/documents/recent/PYu-RT_1-to-0.01_RoHS_L_9.pdf"; VariantName = "[No Variations]"
Add component (AddParameter): Name = "Composition"; Value = "Thin Film"; VariantName = "[No Variations]"
Add component (AddParameter): Name = "Device Class L1"; Value = "Passive Components"; VariantName = "[No Variations]"
Add component (AddParameter): Name = "Device Class L2"; Value = "Resistors"; VariantName = "[No Variations]"
Add component (AddParameter): Name = "Device Class L3"; Value = "Chip SMD Resistors"; VariantName = "[No Variations]"
Add component (AddParameter): Name = "Digikey Description"; Value = "RES SMD 10K OHM 0.1% 1/16W 0402"; VariantName = "[No Variations]"
Add component (AddParameter): Name = "Footprint Url"; Value = "http://www.yageo.com/exep/pages/download/literatures/PYu-R_Mount_10.pdf"; VariantName = "[No Variations]"
Add component (AddParameter): Name = "Height"; Value = "0.35mm"; VariantName = "[No Variations]"
Add component (AddParameter): Name = "Ipc Land Pattern Name"; Value = "RESC10050X30"; VariantName = "[No Variations]"
Add component (AddParameter): Name = "Lead Free"; Value = "Yes"; VariantName = "[No Variations]"
Add component (AddParameter): Name = "Manufacturer"; Value = "Yageo"; VariantName = "[No Variations]"
Add component (AddParameter): Name = "Manufacturer Part Number"; Value = "RT0402BRE0710KL"; VariantName = "[No Variations]"
Add component (AddParameter): Name = "Mouser Description"; Value = "Res Thin Film 0402 10K Ohm 0.1% 1/16W ±50ppm/°C Molded SMD Paper T/R"; VariantName = "[No Variations]"
Add component (AddParameter): Name = "Octopart"; Value = "https://octopart.com/rt0402bre0710kl-yageo-1416557"; VariantName = "[No Variations]"
Add component (AddParameter): Name = "Package"; Value = "RT0402"; VariantName = "[No Variations]"
Add component (AddParameter): Name = "Power Rating"; Value = "0.063W"; VariantName = "[No Variations]"
Add component (AddParameter): Name = "Resistance"; Value = "10KO"; VariantName = "[No Variations]"
Add component (AddParameter): Name = "RoHS"; Value = "TRUE"; VariantName = "[No Variations]"
Add component (AddParameter): Name = "Series"; Value = "RT"; VariantName = "[No Variations]"
Add component (AddParameter): Name = "Temperature"; Value = "-55°C to +155°C"; VariantName = "[No Variations]"
Add component (AddParameter): Name = "Temperature Coefficient"; Value = "50 ppm/°C"; VariantName = "[No Variations]"
Add component (AddParameter): Name = "Temperature Range High"; Value = "+155°C"; VariantName = "[No Variations]"
Add component (AddParameter): Name = "Temperature Range Low"; Value = "-55°C"; VariantName = "[No Variations]"
Add component (AddParameter): Name = "Tolerance"; Value = "0.001"; VariantName = "[No Variations]"
Add component (AddParameter): Name = "Value"; Value = "10KO"; VariantName = "[No Variations]"
Add component (AddParameter): Name = "Voltage Rating"; Value = "50V"; VariantName = "[No Variations]"
Added Component: Designator=R_?(FP-RT0402-MFG)
Add component (AddParameter): Name = "Automotive"; Value = "No"; VariantName = "[No Variations]"
Add component (AddParameter): Name = "Category"; Value = "Res"; VariantName = "[No Variations]"
Add component (AddParameter): Name = "ComponentLink2Description"; Value = "Datasheet"; VariantName = "[No Variations]"
Add component (AddParameter): Name = "ComponentLink2URL"; Value = "http://www.yageo.com/documents/recent/PYu-RT_1-to-0.01_RoHS_L_9.pdf"; VariantName = "[No Variations]"
Add component (AddParameter): Name = "Composition"; Value = "Thin Film"; VariantName = "[No Variations]"
Add component (AddParameter): Name = "Device Class L1"; Value = "Passive Components"; VariantName = "[No Variations]"
Add component (AddParameter): Name = "Device Class L2"; Value = "Resistors"; VariantName = "[No Variations]"
Add component (AddParameter): Name = "Device Class L3"; Value = "Chip SMD Resistors"; VariantName = "[No Variations]"
Add component (AddParameter): Name = "Digikey Description"; Value = "RES SMD 10K OHM 0.1% 1/16W 0402"; VariantName = "[No Variations]"
Add component (AddParameter): Name = "Footprint Url"; Value = "http://www.yageo.com/exep/pages/download/literatures/PYu-R_Mount_10.pdf"; VariantName = "[No Variations]"
Add component (AddParameter): Name = "Height"; Value = "0.35mm"; VariantName = "[No Variations]"
Add component (AddParameter): Name = "Ipc Land Pattern Name"; Value = "RESC10050X30"; VariantName = "[No Variations]"
Add component (AddParameter): Name = "Lead Free"; Value = "Yes"; VariantName = "[No Variations]"
Add component (AddParameter): Name = "Manufacturer"; Value = "Yageo"; VariantName = "[No Variations]"
Add component (AddParameter): Name = "Manufacturer Part Number"; Value = "RT0402BRE0710KL"; VariantName = "[No Variations]"
Add component (AddParameter): Name = "Mouser Description"; Value = "Res Thin Film 0402 10K Ohm 0.1% 1/16W ±50ppm/°C Molded SMD Paper T/R"; VariantName = "[No Variations]"
Add component (AddParameter): Name = "Octopart"; Value = "https://octopart.com/rt0402bre0710kl-yageo-1416557"; VariantName = "[No Variations]"
Add component (AddParameter): Name = "Package"; Value = "RT0402"; VariantName = "[No Variations]"
Add component (AddParameter): Name = "Power Rating"; Value = "0.063W"; VariantName = "[No Variations]"
Add component (AddParameter): Name = "Resistance"; Value = "10KO"; VariantName = "[No Variations]"
Add component (AddParameter): Name = "RoHS"; Value = "TRUE"; VariantName = "[No Variations]"
Add component (AddParameter): Name = "Series"; Value = "RT"; VariantName = "[No Variations]"
Add component (AddParameter): Name = "Temperature"; Value = "-55°C to +155°C"; VariantName = "[No Variations]"
Add component (AddParameter): Name = "Temperature Coefficient"; Value = "50 ppm/°C"; VariantName = "[No Variations]"
Add component (AddParameter): Name = "Temperature Range High"; Value = "+155°C"; VariantName = "[No Variations]"
Add component (AddParameter): Name = "Temperature Range Low"; Value = "-55°C"; VariantName = "[No Variations]"
Add component (AddParameter): Name = "Tolerance"; Value = "0.001"; VariantName = "[No Variations]"
Add component (AddParameter): Name = "Value"; Value = "10KO"; VariantName = "[No Variations]"
Add component (AddParameter): Name = "Voltage Rating"; Value = "50V"; VariantName = "[No Variations]"
Added Component: Designator=R_?(FP-RT0402-MFG)
Add component (AddParameter): Name = "Automotive"; Value = "No"; VariantName = "[No Variations]"
Add component (AddParameter): Name = "Category"; Value = "Res"; VariantName = "[No Variations]"
Add component (AddParameter): Name = "ComponentLink2Description"; Value = "Datasheet"; VariantName = "[No Variations]"
Add component (AddParameter): Name = "ComponentLink2URL"; Value = "http://www.yageo.com/documents/recent/PYu-RT_1-to-0.01_RoHS_L_9.pdf"; VariantName = "[No Variations]"
Add component (AddParameter): Name = "Composition"; Value = "Thin Film"; VariantName = "[No Variations]"
Add component (AddParameter): Name = "Device Class L1"; Value = "Passive Components"; VariantName = "[No Variations]"
Add component (AddParameter): Name = "Device Class L2"; Value = "Resistors"; VariantName = "[No Variations]"
Add component (AddParameter): Name = "Device Class L3"; Value = "Chip SMD Resistors"; VariantName = "[No Variations]"
Add component (AddParameter): Name = "Digikey Description"; Value = "RES SMD 10K OHM 0.1% 1/16W 0402"; VariantName = "[No Variations]"
Add component (AddParameter): Name = "Footprint Url"; Value = "http://www.yageo.com/exep/pages/download/literatures/PYu-R_Mount_10.pdf"; VariantName = "[No Variations]"
Add component (AddParameter): Name = "Height"; Value = "0.35mm"; VariantName = "[No Variations]"
Add component (AddParameter): Name = "Ipc Land Pattern Name"; Value = "RESC10050X30"; VariantName = "[No Variations]"
Add component (AddParameter): Name = "Lead Free"; Value = "Yes"; VariantName = "[No Variations]"
Add component (AddParameter): Name = "Manufacturer"; Value = "Yageo"; VariantName = "[No Variations]"
Add component (AddParameter): Name = "Manufacturer Part Number"; Value = "RT0402BRE0710KL"; VariantName = "[No Variations]"
Add component (AddParameter): Name = "Mouser Description"; Value = "Res Thin Film 0402 10K Ohm 0.1% 1/16W ±50ppm/°C Molded SMD Paper T/R"; VariantName = "[No Variations]"
Add component (AddParameter): Name = "Octopart"; Value = "https://octopart.com/rt0402bre0710kl-yageo-1416557"; VariantName = "[No Variations]"
Add component (AddParameter): Name = "Package"; Value = "RT0402"; VariantName = "[No Variations]"
Add component (AddParameter): Name = "Power Rating"; Value = "0.063W"; VariantName = "[No Variations]"
Add component (AddParameter): Name = "Resistance"; Value = "10KO"; VariantName = "[No Variations]"
Add component (AddParameter): Name = "RoHS"; Value = "TRUE"; VariantName = "[No Variations]"
Add component (AddParameter): Name = "Series"; Value = "RT"; VariantName = "[No Variations]"
Add component (AddParameter): Name = "Temperature"; Value = "-55°C to +155°C"; VariantName = "[No Variations]"
Add component (AddParameter): Name = "Temperature Coefficient"; Value = "50 ppm/°C"; VariantName = "[No Variations]"
Add component (AddParameter): Name = "Temperature Range High"; Value = "+155°C"; VariantName = "[No Variations]"
Add component (AddParameter): Name = "Temperature Range Low"; Value = "-55°C"; VariantName = "[No Variations]"
Add component (AddParameter): Name = "Tolerance"; Value = "0.001"; VariantName = "[No Variations]"
Add component (AddParameter): Name = "Value"; Value = "10KO"; VariantName = "[No Variations]"
Add component (AddParameter): Name = "Voltage Rating"; Value = "50V"; VariantName = "[No Variations]"
Added Component: Designator=R_CLK1(RESC2013X50X30NL20T20)
Add component (AddParameter): Name = "Manufacturer"; Value = "Vishay Dale"; VariantName = "[No Variations]"
Add component (AddParameter): Name = "Part Number"; Value = "CRCW080522R0JNTA"; VariantName = "[No Variations]"
Added Component: Designator=R_CLK2(RESC2013X50X30NL20T20)
Add component (AddParameter): Name = "Manufacturer"; Value = "Vishay Dale"; VariantName = "[No Variations]"
Add component (AddParameter): Name = "Part Number"; Value = "CRCW080522R0JNTA"; VariantName = "[No Variations]"
Added Component: Designator=R_CLK3(RESC2013X50X30NL20T20)
Add component (AddParameter): Name = "Manufacturer"; Value = "Vishay Dale"; VariantName = "[No Variations]"
Add component (AddParameter): Name = "Part Number"; Value = "CRCW080522R0JNTA"; VariantName = "[No Variations]"
Added Component: Designator=R_CLK_4(RESC2013X50X30NL20T20)
Add component (AddParameter): Name = "Manufacturer"; Value = "Vishay Dale"; VariantName = "[No Variations]"
Add component (AddParameter): Name = "Part Number"; Value = "CRCW080522R0JNTA"; VariantName = "[No Variations]"
Added Component: Designator=R_CLK_5(RESC2013X50X30NL20T20)
Add component (AddParameter): Name = "Manufacturer"; Value = "Vishay Dale"; VariantName = "[No Variations]"
Add component (AddParameter): Name = "Part Number"; Value = "CRCW080522R0JNTA"; VariantName = "[No Variations]"
Added Component: Designator=R_STDBY1(FP-RT0402-MFG)
Add component (AddParameter): Name = "Automotive"; Value = "No"; VariantName = "[No Variations]"
Add component (AddParameter): Name = "Category"; Value = "Res"; VariantName = "[No Variations]"
Add component (AddParameter): Name = "ComponentLink2Description"; Value = "Datasheet"; VariantName = "[No Variations]"
Add component (AddParameter): Name = "ComponentLink2URL"; Value = "http://www.yageo.com/documents/recent/PYu-RT_1-to-0.01_RoHS_L_9.pdf"; VariantName = "[No Variations]"
Add component (AddParameter): Name = "Composition"; Value = "Thin Film"; VariantName = "[No Variations]"
Add component (AddParameter): Name = "Device Class L1"; Value = "Passive Components"; VariantName = "[No Variations]"
Add component (AddParameter): Name = "Device Class L2"; Value = "Resistors"; VariantName = "[No Variations]"
Add component (AddParameter): Name = "Device Class L3"; Value = "Chip SMD Resistors"; VariantName = "[No Variations]"
Add component (AddParameter): Name = "Digikey Description"; Value = "RES SMD 10K OHM 0.1% 1/16W 0402"; VariantName = "[No Variations]"
Add component (AddParameter): Name = "Footprint Url"; Value = "http://www.yageo.com/exep/pages/download/literatures/PYu-R_Mount_10.pdf"; VariantName = "[No Variations]"
Add component (AddParameter): Name = "Height"; Value = "0.35mm"; VariantName = "[No Variations]"
Add component (AddParameter): Name = "Ipc Land Pattern Name"; Value = "RESC10050X30"; VariantName = "[No Variations]"
Add component (AddParameter): Name = "Lead Free"; Value = "Yes"; VariantName = "[No Variations]"
Add component (AddParameter): Name = "Manufacturer"; Value = "Yageo"; VariantName = "[No Variations]"
Add component (AddParameter): Name = "Manufacturer Part Number"; Value = "RT0402BRE0710KL"; VariantName = "[No Variations]"
Add component (AddParameter): Name = "Mouser Description"; Value = "Res Thin Film 0402 10K Ohm 0.1% 1/16W ±50ppm/°C Molded SMD Paper T/R"; VariantName = "[No Variations]"
Add component (AddParameter): Name = "Octopart"; Value = "https://octopart.com/rt0402bre0710kl-yageo-1416557"; VariantName = "[No Variations]"
Add component (AddParameter): Name = "Package"; Value = "RT0402"; VariantName = "[No Variations]"
Add component (AddParameter): Name = "Power Rating"; Value = "0.063W"; VariantName = "[No Variations]"
Add component (AddParameter): Name = "Resistance"; Value = "10KO"; VariantName = "[No Variations]"
Add component (AddParameter): Name = "RoHS"; Value = "TRUE"; VariantName = "[No Variations]"
Add component (AddParameter): Name = "Series"; Value = "RT"; VariantName = "[No Variations]"
Add component (AddParameter): Name = "Temperature"; Value = "-55°C to +155°C"; VariantName = "[No Variations]"
Add component (AddParameter): Name = "Temperature Coefficient"; Value = "50 ppm/°C"; VariantName = "[No Variations]"
Add component (AddParameter): Name = "Temperature Range High"; Value = "+155°C"; VariantName = "[No Variations]"
Add component (AddParameter): Name = "Temperature Range Low"; Value = "-55°C"; VariantName = "[No Variations]"
Add component (AddParameter): Name = "Tolerance"; Value = "0.001"; VariantName = "[No Variations]"
Add component (AddParameter): Name = "Value"; Value = "10KO"; VariantName = "[No Variations]"
Add component (AddParameter): Name = "Voltage Rating"; Value = "50V"; VariantName = "[No Variations]"
Added Component: Designator=R_STDBY_2(FP-RT0402-MFG)
Add component (AddParameter): Name = "Automotive"; Value = "No"; VariantName = "[No Variations]"
Add component (AddParameter): Name = "Category"; Value = "Res"; VariantName = "[No Variations]"
Add component (AddParameter): Name = "ComponentLink2Description"; Value = "Datasheet"; VariantName = "[No Variations]"
Add component (AddParameter): Name = "ComponentLink2URL"; Value = "http://www.yageo.com/documents/recent/PYu-RT_1-to-0.01_RoHS_L_9.pdf"; VariantName = "[No Variations]"
Add component (AddParameter): Name = "Composition"; Value = "Thin Film"; VariantName = "[No Variations]"
Add component (AddParameter): Name = "Device Class L1"; Value = "Passive Components"; VariantName = "[No Variations]"
Add component (AddParameter): Name = "Device Class L2"; Value = "Resistors"; VariantName = "[No Variations]"
Add component (AddParameter): Name = "Device Class L3"; Value = "Chip SMD Resistors"; VariantName = "[No Variations]"
Add component (AddParameter): Name = "Digikey Description"; Value = "RES SMD 10K OHM 0.1% 1/16W 0402"; VariantName = "[No Variations]"
Add component (AddParameter): Name = "Footprint Url"; Value = "http://www.yageo.com/exep/pages/download/literatures/PYu-R_Mount_10.pdf"; VariantName = "[No Variations]"
Add component (AddParameter): Name = "Height"; Value = "0.35mm"; VariantName = "[No Variations]"
Add component (AddParameter): Name = "Ipc Land Pattern Name"; Value = "RESC10050X30"; VariantName = "[No Variations]"
Add component (AddParameter): Name = "Lead Free"; Value = "Yes"; VariantName = "[No Variations]"
Add component (AddParameter): Name = "Manufacturer"; Value = "Yageo"; VariantName = "[No Variations]"
Add component (AddParameter): Name = "Manufacturer Part Number"; Value = "RT0402BRE0710KL"; VariantName = "[No Variations]"
Add component (AddParameter): Name = "Mouser Description"; Value = "Res Thin Film 0402 10K Ohm 0.1% 1/16W ±50ppm/°C Molded SMD Paper T/R"; VariantName = "[No Variations]"
Add component (AddParameter): Name = "Octopart"; Value = "https://octopart.com/rt0402bre0710kl-yageo-1416557"; VariantName = "[No Variations]"
Add component (AddParameter): Name = "Package"; Value = "RT0402"; VariantName = "[No Variations]"
Add component (AddParameter): Name = "Power Rating"; Value = "0.063W"; VariantName = "[No Variations]"
Add component (AddParameter): Name = "Resistance"; Value = "10KO"; VariantName = "[No Variations]"
Add component (AddParameter): Name = "RoHS"; Value = "TRUE"; VariantName = "[No Variations]"
Add component (AddParameter): Name = "Series"; Value = "RT"; VariantName = "[No Variations]"
Add component (AddParameter): Name = "Temperature"; Value = "-55°C to +155°C"; VariantName = "[No Variations]"
Add component (AddParameter): Name = "Temperature Coefficient"; Value = "50 ppm/°C"; VariantName = "[No Variations]"
Add component (AddParameter): Name = "Temperature Range High"; Value = "+155°C"; VariantName = "[No Variations]"
Add component (AddParameter): Name = "Temperature Range Low"; Value = "-55°C"; VariantName = "[No Variations]"
Add component (AddParameter): Name = "Tolerance"; Value = "0.001"; VariantName = "[No Variations]"
Add component (AddParameter): Name = "Value"; Value = "10KO"; VariantName = "[No Variations]"
Add component (AddParameter): Name = "Voltage Rating"; Value = "50V"; VariantName = "[No Variations]"
Added Component: Designator=reyetert(FP-RT0402-MFG)
Add component (AddParameter): Name = "Automotive"; Value = "No"; VariantName = "[No Variations]"
Add component (AddParameter): Name = "Category"; Value = "Res"; VariantName = "[No Variations]"
Add component (AddParameter): Name = "ComponentLink2Description"; Value = "Datasheet"; VariantName = "[No Variations]"
Add component (AddParameter): Name = "ComponentLink2URL"; Value = "http://www.yageo.com/documents/recent/PYu-RT_1-to-0.01_RoHS_L_9.pdf"; VariantName = "[No Variations]"
Add component (AddParameter): Name = "Composition"; Value = "Thin Film"; VariantName = "[No Variations]"
Add component (AddParameter): Name = "Device Class L1"; Value = "Passive Components"; VariantName = "[No Variations]"
Add component (AddParameter): Name = "Device Class L2"; Value = "Resistors"; VariantName = "[No Variations]"
Add component (AddParameter): Name = "Device Class L3"; Value = "Chip SMD Resistors"; VariantName = "[No Variations]"
Add component (AddParameter): Name = "Digikey Description"; Value = "RES SMD 10K OHM 0.1% 1/16W 0402"; VariantName = "[No Variations]"
Add component (AddParameter): Name = "Footprint Url"; Value = "http://www.yageo.com/exep/pages/download/literatures/PYu-R_Mount_10.pdf"; VariantName = "[No Variations]"
Add component (AddParameter): Name = "Height"; Value = "0.35mm"; VariantName = "[No Variations]"
Add component (AddParameter): Name = "Ipc Land Pattern Name"; Value = "RESC10050X30"; VariantName = "[No Variations]"
Add component (AddParameter): Name = "Lead Free"; Value = "Yes"; VariantName = "[No Variations]"
Add component (AddParameter): Name = "Manufacturer"; Value = "Yageo"; VariantName = "[No Variations]"
Add component (AddParameter): Name = "Manufacturer Part Number"; Value = "RT0402BRE0710KL"; VariantName = "[No Variations]"
Add component (AddParameter): Name = "Mouser Description"; Value = "Res Thin Film 0402 10K Ohm 0.1% 1/16W ±50ppm/°C Molded SMD Paper T/R"; VariantName = "[No Variations]"
Add component (AddParameter): Name = "Octopart"; Value = "https://octopart.com/rt0402bre0710kl-yageo-1416557"; VariantName = "[No Variations]"
Add component (AddParameter): Name = "Package"; Value = "RT0402"; VariantName = "[No Variations]"
Add component (AddParameter): Name = "Power Rating"; Value = "0.063W"; VariantName = "[No Variations]"
Add component (AddParameter): Name = "Resistance"; Value = "10KO"; VariantName = "[No Variations]"
Add component (AddParameter): Name = "RoHS"; Value = "TRUE"; VariantName = "[No Variations]"
Add component (AddParameter): Name = "Series"; Value = "RT"; VariantName = "[No Variations]"
Add component (AddParameter): Name = "Temperature"; Value = "-55°C to +155°C"; VariantName = "[No Variations]"
Add component (AddParameter): Name = "Temperature Coefficient"; Value = "50 ppm/°C"; VariantName = "[No Variations]"
Add component (AddParameter): Name = "Temperature Range High"; Value = "+155°C"; VariantName = "[No Variations]"
Add component (AddParameter): Name = "Temperature Range Low"; Value = "-55°C"; VariantName = "[No Variations]"
Add component (AddParameter): Name = "Tolerance"; Value = "0.001"; VariantName = "[No Variations]"
Add component (AddParameter): Name = "Value"; Value = "10KO"; VariantName = "[No Variations]"
Add component (AddParameter): Name = "Voltage Rating"; Value = "50V"; VariantName = "[No Variations]"
Added Component: Designator=RJ_1(FP-TFCR0805-IPC_B)
Added Component: Designator=RJ_2(FP-TFCR0805-IPC_B)
Added Component: Designator=RJ_4(FP-RK73H2B-IPC_C)
Add component (AddParameter): Name = "Case Code (Imperial)"; Value = "1206"; VariantName = "[No Variations]"
Add component (AddParameter): Name = "Case Code (Metric)"; Value = "3216"; VariantName = "[No Variations]"
Add component (AddParameter): Name = "Case/Package"; Value = "1206"; VariantName = "[No Variations]"
Add component (AddParameter): Name = "Height"; Value = "0.6mm"; VariantName = "[No Variations]"
Add component (AddParameter): Name = "Lead Free"; Value = "Contains Lead"; VariantName = "[No Variations]"
Add component (AddParameter): Name = "Length"; Value = "3.2mm"; VariantName = "[No Variations]"
Add component (AddParameter): Name = "Max Operating Temperature"; Value = "155°C"; VariantName = "[No Variations]"
Add component (AddParameter): Name = "Min Operating Temperature"; Value = "-55°C"; VariantName = "[No Variations]"
Add component (AddParameter): Name = "Package Quantity"; Value = "5000"; VariantName = "[No Variations]"
Add component (AddParameter): Name = "Packaging"; Value = "Tape and Reel"; VariantName = "[No Variations]"
Add component (AddParameter): Name = "Power Rating"; Value = "250mW"; VariantName = "[No Variations]"
Add component (AddParameter): Name = "Resistance"; Value = "665kR"; VariantName = "[No Variations]"
Add component (AddParameter): Name = "RoHS Compliant"; Value = "No"; VariantName = "[No Variations]"
Add component (AddParameter): Name = "Series"; Value = "RK73H"; VariantName = "[No Variations]"
Add component (AddParameter): Name = "Temperature Coefficient"; Value = "100ppm/°C"; VariantName = "[No Variations]"
Add component (AddParameter): Name = "Termination"; Value = "SMD/SMT"; VariantName = "[No Variations]"
Add component (AddParameter): Name = "Tolerance"; Value = "1%"; VariantName = "[No Variations]"
Add component (AddParameter): Name = "Voltage Rating"; Value = "200V"; VariantName = "[No Variations]"
Add component (AddParameter): Name = "Voltage Rating (DC)"; Value = "200V"; VariantName = "[No Variations]"
Add component (AddParameter): Name = "Width"; Value = "1.6mm"; VariantName = "[No Variations]"
Added Component: Designator=RJ_5(FP-TFCR0402-IPC_B)
Added Component: Designator=RRAM2(FP-RT0402-MFG)
Add component (AddParameter): Name = "Automotive"; Value = "No"; VariantName = "[No Variations]"
Add component (AddParameter): Name = "Category"; Value = "Res"; VariantName = "[No Variations]"
Add component (AddParameter): Name = "ComponentLink2Description"; Value = "Datasheet"; VariantName = "[No Variations]"
Add component (AddParameter): Name = "ComponentLink2URL"; Value = "http://www.yageo.com/documents/recent/PYu-RT_1-to-0.01_RoHS_L_9.pdf"; VariantName = "[No Variations]"
Add component (AddParameter): Name = "Composition"; Value = "Thin Film"; VariantName = "[No Variations]"
Add component (AddParameter): Name = "Device Class L1"; Value = "Passive Components"; VariantName = "[No Variations]"
Add component (AddParameter): Name = "Device Class L2"; Value = "Resistors"; VariantName = "[No Variations]"
Add component (AddParameter): Name = "Device Class L3"; Value = "Chip SMD Resistors"; VariantName = "[No Variations]"
Add component (AddParameter): Name = "Digikey Description"; Value = "RES SMD 10K OHM 0.1% 1/16W 0402"; VariantName = "[No Variations]"
Add component (AddParameter): Name = "Footprint Url"; Value = "http://www.yageo.com/exep/pages/download/literatures/PYu-R_Mount_10.pdf"; VariantName = "[No Variations]"
Add component (AddParameter): Name = "Height"; Value = "0.35mm"; VariantName = "[No Variations]"
Add component (AddParameter): Name = "Ipc Land Pattern Name"; Value = "RESC10050X30"; VariantName = "[No Variations]"
Add component (AddParameter): Name = "Lead Free"; Value = "Yes"; VariantName = "[No Variations]"
Add component (AddParameter): Name = "Manufacturer"; Value = "Yageo"; VariantName = "[No Variations]"
Add component (AddParameter): Name = "Manufacturer Part Number"; Value = "RT0402BRE0710KL"; VariantName = "[No Variations]"
Add component (AddParameter): Name = "Mouser Description"; Value = "Res Thin Film 0402 10K Ohm 0.1% 1/16W ±50ppm/°C Molded SMD Paper T/R"; VariantName = "[No Variations]"
Add component (AddParameter): Name = "Octopart"; Value = "https://octopart.com/rt0402bre0710kl-yageo-1416557"; VariantName = "[No Variations]"
Add component (AddParameter): Name = "Package"; Value = "RT0402"; VariantName = "[No Variations]"
Add component (AddParameter): Name = "Power Rating"; Value = "0.063W"; VariantName = "[No Variations]"
Add component (AddParameter): Name = "Resistance"; Value = "10KO"; VariantName = "[No Variations]"
Add component (AddParameter): Name = "RoHS"; Value = "TRUE"; VariantName = "[No Variations]"
Add component (AddParameter): Name = "Series"; Value = "RT"; VariantName = "[No Variations]"
Add component (AddParameter): Name = "Temperature"; Value = "-55°C to +155°C"; VariantName = "[No Variations]"
Add component (AddParameter): Name = "Temperature Coefficient"; Value = "50 ppm/°C"; VariantName = "[No Variations]"
Add component (AddParameter): Name = "Temperature Range High"; Value = "+155°C"; VariantName = "[No Variations]"
Add component (AddParameter): Name = "Temperature Range Low"; Value = "-55°C"; VariantName = "[No Variations]"
Add component (AddParameter): Name = "Tolerance"; Value = "0.001"; VariantName = "[No Variations]"
Add component (AddParameter): Name = "Value"; Value = "10KO"; VariantName = "[No Variations]"
Add component (AddParameter): Name = "Voltage Rating"; Value = "50V"; VariantName = "[No Variations]"
Added Component: Designator=RRAM3(FP-RT0402-MFG)
Add component (AddParameter): Name = "Automotive"; Value = "No"; VariantName = "[No Variations]"
Add component (AddParameter): Name = "Category"; Value = "Res"; VariantName = "[No Variations]"
Add component (AddParameter): Name = "ComponentLink2Description"; Value = "Datasheet"; VariantName = "[No Variations]"
Add component (AddParameter): Name = "ComponentLink2URL"; Value = "http://www.yageo.com/documents/recent/PYu-RT_1-to-0.01_RoHS_L_9.pdf"; VariantName = "[No Variations]"
Add component (AddParameter): Name = "Composition"; Value = "Thin Film"; VariantName = "[No Variations]"
Add component (AddParameter): Name = "Device Class L1"; Value = "Passive Components"; VariantName = "[No Variations]"
Add component (AddParameter): Name = "Device Class L2"; Value = "Resistors"; VariantName = "[No Variations]"
Add component (AddParameter): Name = "Device Class L3"; Value = "Chip SMD Resistors"; VariantName = "[No Variations]"
Add component (AddParameter): Name = "Digikey Description"; Value = "RES SMD 10K OHM 0.1% 1/16W 0402"; VariantName = "[No Variations]"
Add component (AddParameter): Name = "Footprint Url"; Value = "http://www.yageo.com/exep/pages/download/literatures/PYu-R_Mount_10.pdf"; VariantName = "[No Variations]"
Add component (AddParameter): Name = "Height"; Value = "0.35mm"; VariantName = "[No Variations]"
Add component (AddParameter): Name = "Ipc Land Pattern Name"; Value = "RESC10050X30"; VariantName = "[No Variations]"
Add component (AddParameter): Name = "Lead Free"; Value = "Yes"; VariantName = "[No Variations]"
Add component (AddParameter): Name = "Manufacturer"; Value = "Yageo"; VariantName = "[No Variations]"
Add component (AddParameter): Name = "Manufacturer Part Number"; Value = "RT0402BRE0710KL"; VariantName = "[No Variations]"
Add component (AddParameter): Name = "Mouser Description"; Value = "Res Thin Film 0402 10K Ohm 0.1% 1/16W ±50ppm/°C Molded SMD Paper T/R"; VariantName = "[No Variations]"
Add component (AddParameter): Name = "Octopart"; Value = "https://octopart.com/rt0402bre0710kl-yageo-1416557"; VariantName = "[No Variations]"
Add component (AddParameter): Name = "Package"; Value = "RT0402"; VariantName = "[No Variations]"
Add component (AddParameter): Name = "Power Rating"; Value = "0.063W"; VariantName = "[No Variations]"
Add component (AddParameter): Name = "Resistance"; Value = "10KO"; VariantName = "[No Variations]"
Add component (AddParameter): Name = "RoHS"; Value = "TRUE"; VariantName = "[No Variations]"
Add component (AddParameter): Name = "Series"; Value = "RT"; VariantName = "[No Variations]"
Add component (AddParameter): Name = "Temperature"; Value = "-55°C to +155°C"; VariantName = "[No Variations]"
Add component (AddParameter): Name = "Temperature Coefficient"; Value = "50 ppm/°C"; VariantName = "[No Variations]"
Add component (AddParameter): Name = "Temperature Range High"; Value = "+155°C"; VariantName = "[No Variations]"
Add component (AddParameter): Name = "Temperature Range Low"; Value = "-55°C"; VariantName = "[No Variations]"
Add component (AddParameter): Name = "Tolerance"; Value = "0.001"; VariantName = "[No Variations]"
Add component (AddParameter): Name = "Value"; Value = "10KO"; VariantName = "[No Variations]"
Add component (AddParameter): Name = "Voltage Rating"; Value = "50V"; VariantName = "[No Variations]"
Added Component: Designator=RRAM5(FP-RT0402-MFG)
Add component (AddParameter): Name = "Automotive"; Value = "No"; VariantName = "[No Variations]"
Add component (AddParameter): Name = "Category"; Value = "Res"; VariantName = "[No Variations]"
Add component (AddParameter): Name = "ComponentLink2Description"; Value = "Datasheet"; VariantName = "[No Variations]"
Add component (AddParameter): Name = "ComponentLink2URL"; Value = "http://www.yageo.com/documents/recent/PYu-RT_1-to-0.01_RoHS_L_9.pdf"; VariantName = "[No Variations]"
Add component (AddParameter): Name = "Composition"; Value = "Thin Film"; VariantName = "[No Variations]"
Add component (AddParameter): Name = "Device Class L1"; Value = "Passive Components"; VariantName = "[No Variations]"
Add component (AddParameter): Name = "Device Class L2"; Value = "Resistors"; VariantName = "[No Variations]"
Add component (AddParameter): Name = "Device Class L3"; Value = "Chip SMD Resistors"; VariantName = "[No Variations]"
Add component (AddParameter): Name = "Digikey Description"; Value = "RES SMD 10K OHM 0.1% 1/16W 0402"; VariantName = "[No Variations]"
Add component (AddParameter): Name = "Footprint Url"; Value = "http://www.yageo.com/exep/pages/download/literatures/PYu-R_Mount_10.pdf"; VariantName = "[No Variations]"
Add component (AddParameter): Name = "Height"; Value = "0.35mm"; VariantName = "[No Variations]"
Add component (AddParameter): Name = "Ipc Land Pattern Name"; Value = "RESC10050X30"; VariantName = "[No Variations]"
Add component (AddParameter): Name = "Lead Free"; Value = "Yes"; VariantName = "[No Variations]"
Add component (AddParameter): Name = "Manufacturer"; Value = "Yageo"; VariantName = "[No Variations]"
Add component (AddParameter): Name = "Manufacturer Part Number"; Value = "RT0402BRE0710KL"; VariantName = "[No Variations]"
Add component (AddParameter): Name = "Mouser Description"; Value = "Res Thin Film 0402 10K Ohm 0.1% 1/16W ±50ppm/°C Molded SMD Paper T/R"; VariantName = "[No Variations]"
Add component (AddParameter): Name = "Octopart"; Value = "https://octopart.com/rt0402bre0710kl-yageo-1416557"; VariantName = "[No Variations]"
Add component (AddParameter): Name = "Package"; Value = "RT0402"; VariantName = "[No Variations]"
Add component (AddParameter): Name = "Power Rating"; Value = "0.063W"; VariantName = "[No Variations]"
Add component (AddParameter): Name = "Resistance"; Value = "10KO"; VariantName = "[No Variations]"
Add component (AddParameter): Name = "RoHS"; Value = "TRUE"; VariantName = "[No Variations]"
Add component (AddParameter): Name = "Series"; Value = "RT"; VariantName = "[No Variations]"
Add component (AddParameter): Name = "Temperature"; Value = "-55°C to +155°C"; VariantName = "[No Variations]"
Add component (AddParameter): Name = "Temperature Coefficient"; Value = "50 ppm/°C"; VariantName = "[No Variations]"
Add component (AddParameter): Name = "Temperature Range High"; Value = "+155°C"; VariantName = "[No Variations]"
Add component (AddParameter): Name = "Temperature Range Low"; Value = "-55°C"; VariantName = "[No Variations]"
Add component (AddParameter): Name = "Tolerance"; Value = "0.001"; VariantName = "[No Variations]"
Add component (AddParameter): Name = "Value"; Value = "10KO"; VariantName = "[No Variations]"
Add component (AddParameter): Name = "Voltage Rating"; Value = "50V"; VariantName = "[No Variations]"
Added Component: Designator=RRAM6(FP-RT0402-MFG)
Add component (AddParameter): Name = "Automotive"; Value = "No"; VariantName = "[No Variations]"
Add component (AddParameter): Name = "Category"; Value = "Res"; VariantName = "[No Variations]"
Add component (AddParameter): Name = "ComponentLink2Description"; Value = "Datasheet"; VariantName = "[No Variations]"
Add component (AddParameter): Name = "ComponentLink2URL"; Value = "http://www.yageo.com/documents/recent/PYu-RT_1-to-0.01_RoHS_L_9.pdf"; VariantName = "[No Variations]"
Add component (AddParameter): Name = "Composition"; Value = "Thin Film"; VariantName = "[No Variations]"
Add component (AddParameter): Name = "Device Class L1"; Value = "Passive Components"; VariantName = "[No Variations]"
Add component (AddParameter): Name = "Device Class L2"; Value = "Resistors"; VariantName = "[No Variations]"
Add component (AddParameter): Name = "Device Class L3"; Value = "Chip SMD Resistors"; VariantName = "[No Variations]"
Add component (AddParameter): Name = "Digikey Description"; Value = "RES SMD 10K OHM 0.1% 1/16W 0402"; VariantName = "[No Variations]"
Add component (AddParameter): Name = "Footprint Url"; Value = "http://www.yageo.com/exep/pages/download/literatures/PYu-R_Mount_10.pdf"; VariantName = "[No Variations]"
Add component (AddParameter): Name = "Height"; Value = "0.35mm"; VariantName = "[No Variations]"
Add component (AddParameter): Name = "Ipc Land Pattern Name"; Value = "RESC10050X30"; VariantName = "[No Variations]"
Add component (AddParameter): Name = "Lead Free"; Value = "Yes"; VariantName = "[No Variations]"
Add component (AddParameter): Name = "Manufacturer"; Value = "Yageo"; VariantName = "[No Variations]"
Add component (AddParameter): Name = "Manufacturer Part Number"; Value = "RT0402BRE0710KL"; VariantName = "[No Variations]"
Add component (AddParameter): Name = "Mouser Description"; Value = "Res Thin Film 0402 10K Ohm 0.1% 1/16W ±50ppm/°C Molded SMD Paper T/R"; VariantName = "[No Variations]"
Add component (AddParameter): Name = "Octopart"; Value = "https://octopart.com/rt0402bre0710kl-yageo-1416557"; VariantName = "[No Variations]"
Add component (AddParameter): Name = "Package"; Value = "RT0402"; VariantName = "[No Variations]"
Add component (AddParameter): Name = "Power Rating"; Value = "0.063W"; VariantName = "[No Variations]"
Add component (AddParameter): Name = "Resistance"; Value = "10KO"; VariantName = "[No Variations]"
Add component (AddParameter): Name = "RoHS"; Value = "TRUE"; VariantName = "[No Variations]"
Add component (AddParameter): Name = "Series"; Value = "RT"; VariantName = "[No Variations]"
Add component (AddParameter): Name = "Temperature"; Value = "-55°C to +155°C"; VariantName = "[No Variations]"
Add component (AddParameter): Name = "Temperature Coefficient"; Value = "50 ppm/°C"; VariantName = "[No Variations]"
Add component (AddParameter): Name = "Temperature Range High"; Value = "+155°C"; VariantName = "[No Variations]"
Add component (AddParameter): Name = "Temperature Range Low"; Value = "-55°C"; VariantName = "[No Variations]"
Add component (AddParameter): Name = "Tolerance"; Value = "0.001"; VariantName = "[No Variations]"
Add component (AddParameter): Name = "Value"; Value = "10KO"; VariantName = "[No Variations]"
Add component (AddParameter): Name = "Voltage Rating"; Value = "50V"; VariantName = "[No Variations]"
Added Component: Designator=RRAM9(FP-RT0402-MFG)
Add component (AddParameter): Name = "Automotive"; Value = "No"; VariantName = "[No Variations]"
Add component (AddParameter): Name = "Category"; Value = "Res"; VariantName = "[No Variations]"
Add component (AddParameter): Name = "ComponentLink2Description"; Value = "Datasheet"; VariantName = "[No Variations]"
Add component (AddParameter): Name = "ComponentLink2URL"; Value = "http://www.yageo.com/documents/recent/PYu-RT_1-to-0.01_RoHS_L_9.pdf"; VariantName = "[No Variations]"
Add component (AddParameter): Name = "Composition"; Value = "Thin Film"; VariantName = "[No Variations]"
Add component (AddParameter): Name = "Device Class L1"; Value = "Passive Components"; VariantName = "[No Variations]"
Add component (AddParameter): Name = "Device Class L2"; Value = "Resistors"; VariantName = "[No Variations]"
Add component (AddParameter): Name = "Device Class L3"; Value = "Chip SMD Resistors"; VariantName = "[No Variations]"
Add component (AddParameter): Name = "Digikey Description"; Value = "RES SMD 10K OHM 0.1% 1/16W 0402"; VariantName = "[No Variations]"
Add component (AddParameter): Name = "Footprint Url"; Value = "http://www.yageo.com/exep/pages/download/literatures/PYu-R_Mount_10.pdf"; VariantName = "[No Variations]"
Add component (AddParameter): Name = "Height"; Value = "0.35mm"; VariantName = "[No Variations]"
Add component (AddParameter): Name = "Ipc Land Pattern Name"; Value = "RESC10050X30"; VariantName = "[No Variations]"
Add component (AddParameter): Name = "Lead Free"; Value = "Yes"; VariantName = "[No Variations]"
Add component (AddParameter): Name = "Manufacturer"; Value = "Yageo"; VariantName = "[No Variations]"
Add component (AddParameter): Name = "Manufacturer Part Number"; Value = "RT0402BRE0710KL"; VariantName = "[No Variations]"
Add component (AddParameter): Name = "Mouser Description"; Value = "Res Thin Film 0402 10K Ohm 0.1% 1/16W ±50ppm/°C Molded SMD Paper T/R"; VariantName = "[No Variations]"
Add component (AddParameter): Name = "Octopart"; Value = "https://octopart.com/rt0402bre0710kl-yageo-1416557"; VariantName = "[No Variations]"
Add component (AddParameter): Name = "Package"; Value = "RT0402"; VariantName = "[No Variations]"
Add component (AddParameter): Name = "Power Rating"; Value = "0.063W"; VariantName = "[No Variations]"
Add component (AddParameter): Name = "Resistance"; Value = "10KO"; VariantName = "[No Variations]"
Add component (AddParameter): Name = "RoHS"; Value = "TRUE"; VariantName = "[No Variations]"
Add component (AddParameter): Name = "Series"; Value = "RT"; VariantName = "[No Variations]"
Add component (AddParameter): Name = "Temperature"; Value = "-55°C to +155°C"; VariantName = "[No Variations]"
Add component (AddParameter): Name = "Temperature Coefficient"; Value = "50 ppm/°C"; VariantName = "[No Variations]"
Add component (AddParameter): Name = "Temperature Range High"; Value = "+155°C"; VariantName = "[No Variations]"
Add component (AddParameter): Name = "Temperature Range Low"; Value = "-55°C"; VariantName = "[No Variations]"
Add component (AddParameter): Name = "Tolerance"; Value = "0.001"; VariantName = "[No Variations]"
Add component (AddParameter): Name = "Value"; Value = "10KO"; VariantName = "[No Variations]"
Add component (AddParameter): Name = "Voltage Rating"; Value = "50V"; VariantName = "[No Variations]"
Added Component: Designator=RRAM?(FP-RT0402-MFG)
Add component (AddParameter): Name = "Automotive"; Value = "No"; VariantName = "[No Variations]"
Add component (AddParameter): Name = "Category"; Value = "Res"; VariantName = "[No Variations]"
Add component (AddParameter): Name = "ComponentLink2Description"; Value = "Datasheet"; VariantName = "[No Variations]"
Add component (AddParameter): Name = "ComponentLink2URL"; Value = "http://www.yageo.com/documents/recent/PYu-RT_1-to-0.01_RoHS_L_9.pdf"; VariantName = "[No Variations]"
Add component (AddParameter): Name = "Composition"; Value = "Thin Film"; VariantName = "[No Variations]"
Add component (AddParameter): Name = "Device Class L1"; Value = "Passive Components"; VariantName = "[No Variations]"
Add component (AddParameter): Name = "Device Class L2"; Value = "Resistors"; VariantName = "[No Variations]"
Add component (AddParameter): Name = "Device Class L3"; Value = "Chip SMD Resistors"; VariantName = "[No Variations]"
Add component (AddParameter): Name = "Digikey Description"; Value = "RES SMD 10K OHM 0.1% 1/16W 0402"; VariantName = "[No Variations]"
Add component (AddParameter): Name = "Footprint Url"; Value = "http://www.yageo.com/exep/pages/download/literatures/PYu-R_Mount_10.pdf"; VariantName = "[No Variations]"
Add component (AddParameter): Name = "Height"; Value = "0.35mm"; VariantName = "[No Variations]"
Add component (AddParameter): Name = "Ipc Land Pattern Name"; Value = "RESC10050X30"; VariantName = "[No Variations]"
Add component (AddParameter): Name = "Lead Free"; Value = "Yes"; VariantName = "[No Variations]"
Add component (AddParameter): Name = "Manufacturer"; Value = "Yageo"; VariantName = "[No Variations]"
Add component (AddParameter): Name = "Manufacturer Part Number"; Value = "RT0402BRE0710KL"; VariantName = "[No Variations]"
Add component (AddParameter): Name = "Mouser Description"; Value = "Res Thin Film 0402 10K Ohm 0.1% 1/16W ±50ppm/°C Molded SMD Paper T/R"; VariantName = "[No Variations]"
Add component (AddParameter): Name = "Octopart"; Value = "https://octopart.com/rt0402bre0710kl-yageo-1416557"; VariantName = "[No Variations]"
Add component (AddParameter): Name = "Package"; Value = "RT0402"; VariantName = "[No Variations]"
Add component (AddParameter): Name = "Power Rating"; Value = "0.063W"; VariantName = "[No Variations]"
Add component (AddParameter): Name = "Resistance"; Value = "10KO"; VariantName = "[No Variations]"
Add component (AddParameter): Name = "RoHS"; Value = "TRUE"; VariantName = "[No Variations]"
Add component (AddParameter): Name = "Series"; Value = "RT"; VariantName = "[No Variations]"
Add component (AddParameter): Name = "Temperature"; Value = "-55°C to +155°C"; VariantName = "[No Variations]"
Add component (AddParameter): Name = "Temperature Coefficient"; Value = "50 ppm/°C"; VariantName = "[No Variations]"
Add component (AddParameter): Name = "Temperature Range High"; Value = "+155°C"; VariantName = "[No Variations]"
Add component (AddParameter): Name = "Temperature Range Low"; Value = "-55°C"; VariantName = "[No Variations]"
Add component (AddParameter): Name = "Tolerance"; Value = "0.001"; VariantName = "[No Variations]"
Add component (AddParameter): Name = "Value"; Value = "10KO"; VariantName = "[No Variations]"
Add component (AddParameter): Name = "Voltage Rating"; Value = "50V"; VariantName = "[No Variations]"
Added Component: Designator=RRAM(FP-RT0402-MFG)
Add component (AddParameter): Name = "Automotive"; Value = "No"; VariantName = "[No Variations]"
Add component (AddParameter): Name = "Category"; Value = "Res"; VariantName = "[No Variations]"
Add component (AddParameter): Name = "ComponentLink2Description"; Value = "Datasheet"; VariantName = "[No Variations]"
Add component (AddParameter): Name = "ComponentLink2URL"; Value = "http://www.yageo.com/documents/recent/PYu-RT_1-to-0.01_RoHS_L_9.pdf"; VariantName = "[No Variations]"
Add component (AddParameter): Name = "Composition"; Value = "Thin Film"; VariantName = "[No Variations]"
Add component (AddParameter): Name = "Device Class L1"; Value = "Passive Components"; VariantName = "[No Variations]"
Add component (AddParameter): Name = "Device Class L2"; Value = "Resistors"; VariantName = "[No Variations]"
Add component (AddParameter): Name = "Device Class L3"; Value = "Chip SMD Resistors"; VariantName = "[No Variations]"
Add component (AddParameter): Name = "Digikey Description"; Value = "RES SMD 10K OHM 0.1% 1/16W 0402"; VariantName = "[No Variations]"
Add component (AddParameter): Name = "Footprint Url"; Value = "http://www.yageo.com/exep/pages/download/literatures/PYu-R_Mount_10.pdf"; VariantName = "[No Variations]"
Add component (AddParameter): Name = "Height"; Value = "0.35mm"; VariantName = "[No Variations]"
Add component (AddParameter): Name = "Ipc Land Pattern Name"; Value = "RESC10050X30"; VariantName = "[No Variations]"
Add component (AddParameter): Name = "Lead Free"; Value = "Yes"; VariantName = "[No Variations]"
Add component (AddParameter): Name = "Manufacturer"; Value = "Yageo"; VariantName = "[No Variations]"
Add component (AddParameter): Name = "Manufacturer Part Number"; Value = "RT0402BRE0710KL"; VariantName = "[No Variations]"
Add component (AddParameter): Name = "Mouser Description"; Value = "Res Thin Film 0402 10K Ohm 0.1% 1/16W ±50ppm/°C Molded SMD Paper T/R"; VariantName = "[No Variations]"
Add component (AddParameter): Name = "Octopart"; Value = "https://octopart.com/rt0402bre0710kl-yageo-1416557"; VariantName = "[No Variations]"
Add component (AddParameter): Name = "Package"; Value = "RT0402"; VariantName = "[No Variations]"
Add component (AddParameter): Name = "Power Rating"; Value = "0.063W"; VariantName = "[No Variations]"
Add component (AddParameter): Name = "Resistance"; Value = "10KO"; VariantName = "[No Variations]"
Add component (AddParameter): Name = "RoHS"; Value = "TRUE"; VariantName = "[No Variations]"
Add component (AddParameter): Name = "Series"; Value = "RT"; VariantName = "[No Variations]"
Add component (AddParameter): Name = "Temperature"; Value = "-55°C to +155°C"; VariantName = "[No Variations]"
Add component (AddParameter): Name = "Temperature Coefficient"; Value = "50 ppm/°C"; VariantName = "[No Variations]"
Add component (AddParameter): Name = "Temperature Range High"; Value = "+155°C"; VariantName = "[No Variations]"
Add component (AddParameter): Name = "Temperature Range Low"; Value = "-55°C"; VariantName = "[No Variations]"
Add component (AddParameter): Name = "Tolerance"; Value = "0.001"; VariantName = "[No Variations]"
Add component (AddParameter): Name = "Value"; Value = "10KO"; VariantName = "[No Variations]"
Add component (AddParameter): Name = "Voltage Rating"; Value = "50V"; VariantName = "[No Variations]"
Added Component: Designator=RS1(FP-ESR10-IPC_B)
Add component (AddParameter): Name = "Case Code (Imperial)"; Value = "0805"; VariantName = "[No Variations]"
Add component (AddParameter): Name = "Case Code (Metric)"; Value = "2012"; VariantName = "[No Variations]"
Add component (AddParameter): Name = "Case/Package"; Value = "0805"; VariantName = "[No Variations]"
Add component (AddParameter): Name = "Features"; Value = "Automotive AEC-Q200"; VariantName = "[No Variations]"
Add component (AddParameter): Name = "Height"; Value = "0.026inch"; VariantName = "[No Variations]"
Add component (AddParameter): Name = "Lead Free"; Value = "Lead Free"; VariantName = "[No Variations]"
Add component (AddParameter): Name = "Length"; Value = "0.079inch"; VariantName = "[No Variations]"
Add component (AddParameter): Name = "Max Operating Temperature"; Value = "155°C"; VariantName = "[No Variations]"
Add component (AddParameter): Name = "Max Power Dissipation"; Value = "400mW"; VariantName = "[No Variations]"
Add component (AddParameter): Name = "Min Operating Temperature"; Value = "-55°C"; VariantName = "[No Variations]"
Add component (AddParameter): Name = "Number of Terminations"; Value = "2"; VariantName = "[No Variations]"
Add component (AddParameter): Name = "Package Quantity"; Value = "1"; VariantName = "[No Variations]"
Add component (AddParameter): Name = "Packaging"; Value = "Tape and Reel"; VariantName = "[No Variations]"
Add component (AddParameter): Name = "Power Rating"; Value = "250mW"; VariantName = "[No Variations]"
Add component (AddParameter): Name = "Resistance"; Value = "1.2kR"; VariantName = "[No Variations]"
Add component (AddParameter): Name = "Resistor Type"; Value = "Thick Film"; VariantName = "[No Variations]"
Add component (AddParameter): Name = "RoHS Compliant"; Value = "Yes"; VariantName = "[No Variations]"
Add component (AddParameter): Name = "Series"; Value = "ESR"; VariantName = "[No Variations]"
Add component (AddParameter): Name = "Size Code"; Value = "0805"; VariantName = "[No Variations]"
Add component (AddParameter): Name = "Temperature Coefficient"; Value = "200ppm/°C"; VariantName = "[No Variations]"
Add component (AddParameter): Name = "Tolerance"; Value = "5%"; VariantName = "[No Variations]"
Add component (AddParameter): Name = "Width"; Value = "0.049inch"; VariantName = "[No Variations]"
Added Component: Designator=RU1(FP-TFCR0805-IPC_B)
Added Component: Designator=RU_1(RESC1005X40X25ML05T10)
Add component (AddParameter): Name = "Manufacturer"; Value = "Multicomp"; VariantName = "[No Variations]"
Add component (AddParameter): Name = "Part Number"; Value = "MCSR04X33R0FTL"; VariantName = "[No Variations]"
Added Component: Designator=RU_2(RESC1005X40X25ML05T10)
Add component (AddParameter): Name = "Manufacturer"; Value = "Multicomp"; VariantName = "[No Variations]"
Add component (AddParameter): Name = "Part Number"; Value = "MCSR04X33R0FTL"; VariantName = "[No Variations]"
Added Component: Designator=RU_3(RESC1005X40X25ML05T10)
Add component (AddParameter): Name = "Manufacturer"; Value = "Multicomp"; VariantName = "[No Variations]"
Add component (AddParameter): Name = "Part Number"; Value = "MCSR04X33R0FTL"; VariantName = "[No Variations]"
Added Component: Designator=SW1(FP-B3U-1000P-MFG)
Add component (AddParameter): Name = "Actuator Length"; Value = "0.4mm"; VariantName = "[No Variations]"
Add component (AddParameter): Name = "Actuator Type"; Value = "Standard"; VariantName = "[No Variations]"
Add component (AddParameter): Name = "Contact Current Rating"; Value = "50mA"; VariantName = "[No Variations]"
Add component (AddParameter): Name = "Contact Material"; Value = "Silver"; VariantName = "[No Variations]"
Add component (AddParameter): Name = "Contact Resistance"; Value = "100mR"; VariantName = "[No Variations]"
Add component (AddParameter): Name = "Current Rating"; Value = "50mA"; VariantName = "[No Variations]"
Add component (AddParameter): Name = "Depth"; Value = "2.5mm"; VariantName = "[No Variations]"
Add component (AddParameter): Name = "Electrical Life"; Value = "200000Cycles"; VariantName = "[No Variations]"
Add component (AddParameter): Name = "Height"; Value = "1.2mm"; VariantName = "[No Variations]"
Add component (AddParameter): Name = "Illumination Type"; Value = "Non-Illuminated"; VariantName = "[No Variations]"
Add component (AddParameter): Name = "Insulation Resistance"; Value = "100MR"; VariantName = "[No Variations]"
Add component (AddParameter): Name = "Lead Free"; Value = "Lead Free"; VariantName = "[No Variations]"
Add component (AddParameter): Name = "Length"; Value = "4mm"; VariantName = "[No Variations]"
Add component (AddParameter): Name = "Max Current Rating"; Value = "50mA"; VariantName = "[No Variations]"
Add component (AddParameter): Name = "Max Operating Temperature"; Value = "70°C"; VariantName = "[No Variations]"
Add component (AddParameter): Name = "Max Voltage Rating (DC)"; Value = "12V"; VariantName = "[No Variations]"
Add component (AddParameter): Name = "Mechanical Life"; Value = "200000Cycles"; VariantName = "[No Variations]"
Add component (AddParameter): Name = "Min Operating Temperature"; Value = "-25°C"; VariantName = "[No Variations]"
Add component (AddParameter): Name = "Mount"; Value = "Surface Mount"; VariantName = "[No Variations]"
Add component (AddParameter): Name = "Operating Force"; Value = "1.5N"; VariantName = "[No Variations]"
Add component (AddParameter): Name = "Orientation"; Value = "Straight"; VariantName = "[No Variations]"
Add component (AddParameter): Name = "Package Quantity"; Value = "1"; VariantName = "[No Variations]"
Add component (AddParameter): Name = "Packaging"; Value = "Tape and Reel"; VariantName = "[No Variations]"
Add component (AddParameter): Name = "Ratings"; Value = "Dust Proof"; VariantName = "[No Variations]"
Add component (AddParameter): Name = "Switch Function"; Value = "Off-Mom"; VariantName = "[No Variations]"
Add component (AddParameter): Name = "Switch Travel"; Value = "0.15mm"; VariantName = "[No Variations]"
Add component (AddParameter): Name = "Termination"; Value = "SMD/SMT"; VariantName = "[No Variations]"
Add component (AddParameter): Name = "Throw Configuration"; Value = "SPST"; VariantName = "[No Variations]"
Add component (AddParameter): Name = "Voltage Rating (DC)"; Value = "12V"; VariantName = "[No Variations]"
Add component (AddParameter): Name = "Weight"; Value = "0.000776oz"; VariantName = "[No Variations]"
Add component (AddParameter): Name = "Width"; Value = "3mm"; VariantName = "[No Variations]"
Added Component: Designator=U2(QFN68_FT2232_FTD)
Add component (AddParameter): Name = "Copyright"; Value = "Copyright (C) 2025 Ultra Librarian. All rights reserved."; VariantName = "[No Variations]"
Add component (AddParameter): Name = "Manufacturer_Name"; Value = "FTDI, Future Technology Devices International Ltd"; VariantName = "[No Variations]"
Add component (AddParameter): Name = "Manufacturer_Part_Number"; Value = "FT2232HPQ-TRAY"; VariantName = "[No Variations]"
Add component (AddParameter): Name = "RefDes"; Value = "RefDes"; VariantName = "[No Variations]"
Add component (AddParameter): Name = "Type"; Value = "Interface"; VariantName = "[No Variations]"
Added Component: Designator=U5(FP-DBV0005A-MFG)
Add component (AddParameter): Name = "Accuracy Percentage"; Value = "1%"; VariantName = "[No Variations]"
Add component (AddParameter): Name = "Automotive"; Value = "No"; VariantName = "[No Variations]"
Add component (AddParameter): Name = "Category"; Value = "IC"; VariantName = "[No Variations]"
Add component (AddParameter): Name = "ComponentLink2Description"; Value = "Datasheet"; VariantName = "[No Variations]"
Add component (AddParameter): Name = "ComponentLink2URL"; Value = "http://www.ti.com/lit/ds/symlink/tlv733p.pdf"; VariantName = "[No Variations]"
Add component (AddParameter): Name = "Device Class L1"; Value = "Integrated Circuits (ICs)"; VariantName = "[No Variations]"
Add component (AddParameter): Name = "Device Class L2"; Value = "Power Management ICs"; VariantName = "[No Variations]"
Add component (AddParameter): Name = "Device Class L3"; Value = "Voltage Regulators - Linear"; VariantName = "[No Variations]"
Add component (AddParameter): Name = "Digikey Description"; Value = "IC REG LINEAR 3.3V 300MA SOT23-5"; VariantName = "[No Variations]"
Add component (AddParameter): Name = "Dropout Voltage"; Value = "125mV"; VariantName = "[No Variations]"
Add component (AddParameter): Name = "Height"; Value = "1.45mm"; VariantName = "[No Variations]"
Add component (AddParameter): Name = "Lead Free"; Value = "Yes"; VariantName = "[No Variations]"
Add component (AddParameter): Name = "Manufacturer"; Value = "Texas Instruments"; VariantName = "[No Variations]"
Add component (AddParameter): Name = "Manufacturer Part Number"; Value = "TLV73333PDBVR"; VariantName = "[No Variations]"
Add component (AddParameter): Name = "Max Junction Temp"; Value = "+125°C"; VariantName = "[No Variations]"
Add component (AddParameter): Name = "Max Supply Voltage"; Value = "5.5V"; VariantName = "[No Variations]"
Add component (AddParameter): Name = "Min Supply Voltage"; Value = "1.4V"; VariantName = "[No Variations]"
Add component (AddParameter): Name = "Mouser Description"; Value = "LDO Voltage Regulators Capacitr-Free 300-mA 5-SOT-23 -40 to 125"; VariantName = "[No Variations]"
Add component (AddParameter): Name = "Nominal Supply Current"; Value = "34uA"; VariantName = "[No Variations]"
Add component (AddParameter): Name = "Number Of Outputs"; Value = "1"; VariantName = "[No Variations]"
Add component (AddParameter): Name = "Octopart"; Value = "https://octopart.com/tlv73333pdbvr-texas+instruments-51080890"; VariantName = "[No Variations]"
Add component (AddParameter): Name = "Output Current"; Value = "300mA"; VariantName = "[No Variations]"
Add component (AddParameter): Name = "Output Type"; Value = "Fixed"; VariantName = "[No Variations]"
Add component (AddParameter): Name = "Output Voltage"; Value = "3.3V"; VariantName = "[No Variations]"
Add component (AddParameter): Name = "Package"; Value = "DBV0005A"; VariantName = "[No Variations]"
Add component (AddParameter): Name = "RoHS"; Value = "TRUE"; VariantName = "[No Variations]"
Add component (AddParameter): Name = "Standoff Height"; Value = "0mm"; VariantName = "[No Variations]"
Add component (AddParameter): Name = "Temperature"; Value = "-40°C to +125°C"; VariantName = "[No Variations]"
Add component (AddParameter): Name = "Temperature Range High"; Value = "+125°C"; VariantName = "[No Variations]"
Add component (AddParameter): Name = "Temperature Range Low"; Value = "-40°C"; VariantName = "[No Variations]"
Added Component: Designator=U6(FP-UFQFPN28-A0B0-MFG)
Added Component: Designator=Y1(OSC_ECS-2033-120-BN)
Add component (AddParameter): Name = "Check_prices"; Value = "https://www.snapeda.com/parts/ECS-2033-120-BN/ECS/view-part/?ref=eda"; VariantName = "[No Variations]"
Add component (AddParameter): Name = "MF"; Value = "ECS Inc."; VariantName = "[No Variations]"
Add component (AddParameter): Name = "MP"; Value = "ECS-2033-120-BN"; VariantName = "[No Variations]"
Add component (AddParameter): Name = "Package"; Value = "ECS-2033-4 ECS"; VariantName = "[No Variations]"
Add component (AddParameter): Name = "SnapEDA_Link"; Value = "https://www.snapeda.com/parts/ECS-2033-120-BN/ECS/view-part/?ref=snap"; VariantName = "[No Variations]"
Add component (AddParameter): Name = "Value"; Value = ""; VariantName = "[No Variations]"
Added Pin To Net: NetName=GND Pin=100MHZ CLK-2
Added Pin To Net: NetName=GND Pin=250 MHZ CLK-3
Added Pin To Net: NetName=GND Pin=300MHZ CLK-3
Added Pin To Net: NetName=GND Pin=B?-28
Added Pin To Net: NetName=GND Pin=B?-54
Added Pin To Net: NetName=3v3 Pin=C7-1
Added Pin To Net: NetName=GND Pin=C7-2
Added Pin To Net: NetName=1.25V_OUT Pin=C8-1
Added Pin To Net: NetName=GND Pin=C8-2
Added Pin To Net: NetName=3v3 Pin=C9-1
Added Pin To Net: NetName=GND Pin=C9-2
Added Pin To Net: NetName=2.5V_OUT Pin=C10-1
Added Pin To Net: NetName=GND Pin=C10-2
Added Pin To Net: NetName=GND Pin=C?-1
Added Pin To Net: NetName=GND Pin=C_CLK-2
Added Pin To Net: NetName=GND Pin=C_CLK_1-1
Added Pin To Net: NetName=GND Pin=C_CLK_3-1
Added Pin To Net: NetName=GND Pin=C_CLK_4-2
Added Pin To Net: NetName=GND Pin=C_CLK_t5-1
Added Pin To Net: NetName=GND Pin=C_CLKt-2
Added Pin To Net: NetName=GND Pin=C_FGPA9\-1
Added Pin To Net: NetName=GND Pin=C_FPGA1-1
Added Pin To Net: NetName=GND Pin=C_FPGA2-1
Added Pin To Net: NetName=GND Pin=C_FPGA3-1
Added Pin To Net: NetName=GND Pin=C_FPGA4-1
Added Pin To Net: NetName=GND Pin=C_FPGA5-1
Added Pin To Net: NetName=GND Pin=C_FPGA6-1
Added Pin To Net: NetName=GND Pin=C_FPGA7-1
Added Pin To Net: NetName=GND Pin=C_FPGA8-1
Added Pin To Net: NetName=GND Pin=C_FPGA_10-1
Added Pin To Net: NetName=GND Pin=C_RAM3-1
Added Pin To Net: NetName=GND Pin=C_RAM4-1
Added Pin To Net: NetName=GND Pin=C_RAM5-1
Added Pin To Net: NetName=GND Pin=C_RAM6-2
Added Pin To Net: NetName=GND Pin=C_RAM7-2
Added Pin To Net: NetName=GND Pin=C_RAM_1-1
Added Pin To Net: NetName=GND Pin=C_RAM_2-1
Added Pin To Net: NetName=GND Pin=CJ_1-1
Added Pin To Net: NetName=GND Pin=CJ_2-1
Added Pin To Net: NetName=GND Pin=CU_1-1
Added Pin To Net: NetName=1.25V_POWER_OUT Pin=D1-1
Added Pin To Net: NetName=GND Pin=D1-2
Added Pin To Net: NetName=GND Pin=D2-1
Added Pin To Net: NetName=2.5V_POWER_OUT Pin=D2-3
Added Pin To Net: NetName=1.25V_POWER_OUT Pin=D3-2
Added Pin To Net: NetName=2.5V_POWER_OUT Pin=D4-2
Add Pin To Net: Unknown Pin: Pin DRAM-6
Add Pin To Net: Unknown Pin: Pin DRAM-12
Add Pin To Net: Unknown Pin: Pin DRAM-28
Add Pin To Net: Unknown Pin: Pin DRAM-41
Add Pin To Net: Unknown Pin: Pin DRAM-46
Add Pin To Net: Unknown Pin: Pin DRAM-52
Add Pin To Net: Unknown Pin: Pin DRAM-54
Add Pin To Net: Unknown Pin: Pin FLASH_MEM_1-4
Add Pin To Net: Unknown Pin: Pin FLASH_MEM_1-9
Add Pin To Net: Unknown Pin: Pin IC1-2
Add Pin To Net: Unknown Pin: Pin IC1-4
Add Pin To Net: Unknown Pin: Pin IC1-19
Add Pin To Net: Unknown Pin: Pin IC1-27
Add Pin To Net: Unknown Pin: Pin IC1-30
Add Pin To Net: Unknown Pin: Pin IC1-36
Add Pin To Net: Unknown Pin: Pin IC1-41
Add Pin To Net: Unknown Pin: Pin IC1-48
Add Pin To Net: Unknown Pin: Pin IC1-57
Add Pin To Net: Unknown Pin: Pin IC1-63
Add Pin To Net: Unknown Pin: Pin IC1-64
Add Pin To Net: Unknown Pin: Pin IC1-74
Add Pin To Net: Unknown Pin: Pin IC1-79
Add Pin To Net: Unknown Pin: Pin IC1-82
Add Pin To Net: Unknown Pin: Pin IC1-95
Add Pin To Net: Unknown Pin: Pin IC1-104
Add Pin To Net: Unknown Pin: Pin IC1-108
Add Pin To Net: Unknown Pin: Pin IC1-110
Add Pin To Net: Unknown Pin: Pin IC1-118
Add Pin To Net: Unknown Pin: Pin IC1-123
Add Pin To Net: Unknown Pin: Pin IC1-131
Add Pin To Net: Unknown Pin: Pin IC1-140
Add Pin To Net: Unknown Pin: Pin IC1-145
Added Pin To Net: NetName=GND Pin=J1-1
Added Pin To Net: NetName=GND Pin=J1-2
Added Pin To Net: NetName=GND Pin=J1-3
Added Pin To Net: NetName=GND Pin=J1-4
Added Pin To Net: NetName=GND Pin=J1-A1
Added Pin To Net: NetName=GND Pin=J1-A12
Added Pin To Net: NetName=GND Pin=J1-B1
Added Pin To Net: NetName=GND Pin=J1-B12
Added Pin To Net: NetName=NetL1_1 Pin=L1-1
Added Pin To Net: NetName=1.25V_OUT Pin=L1-2
Added Pin To Net: NetName=NetL2_1 Pin=L2-1
Added Pin To Net: NetName=2.5V_OUT Pin=L2-2
Added Pin To Net: NetName=GND Pin=M1_1-2
Added Pin To Net: NetName=GND Pin=M2_1-2
Added Pin To Net: NetName=GND Pin=M3_1-2
Added Pin To Net: NetName=GND Pin=M4_1-2
Added Pin To Net: NetName=GND Pin=M5_1-2
Added Pin To Net: NetName=GND Pin=M6_1-2
Added Pin To Net: NetName=GND Pin=M7_1-2
Added Pin To Net: NetName=GND Pin=M8_1-2
Added Pin To Net: NetName=GND Pin=M9_1-2
Added Pin To Net: NetName=GND Pin=P1-2
Added Pin To Net: NetName=GND Pin=P1-10
Added Pin To Net: NetName=GND Pin=P2-4
Added Pin To Net: NetName=GND Pin=P2-6
Added Pin To Net: NetName=GND Pin=P2-8
Added Pin To Net: NetName=1.25V_OUT Pin=R1-1
Added Pin To Net: NetName=FB_Voltage_1.25 Pin=R1-2
Added Pin To Net: NetName=GND Pin=R1_2-1
Added Pin To Net: NetName=FB_Voltage_1.25 Pin=R2-1
Added Pin To Net: NetName=NetR2_2 Pin=R2-2
Added Pin To Net: NetName=GND Pin=R2_2-1
Added Pin To Net: NetName=GND Pin=R3-1
Added Pin To Net: NetName=NetR2_2 Pin=R3-2
Added Pin To Net: NetName=GND Pin=R3_2-1
Added Pin To Net: NetName=NetMOSFET1_1 Pin=R4-1
Added Pin To Net: NetName=GND Pin=R4-2
Added Pin To Net: NetName=GND Pin=R4_2-1
Added Pin To Net: NetName=NetMOSFET2_1 Pin=R5-1
Added Pin To Net: NetName=GND Pin=R5-2
Added Pin To Net: NetName=GND Pin=R5_2-1
Added Pin To Net: NetName=2.5V_OUT Pin=R6-1
Added Pin To Net: NetName=FB_Voltage_2.5 Pin=R6-2
Added Pin To Net: NetName=GND Pin=R6_2-1
Added Pin To Net: NetName=FB_Voltage_2.5 Pin=R7-1
Added Pin To Net: NetName=NetR7_2 Pin=R7-2
Added Pin To Net: NetName=GND Pin=R7_2-1
Added Pin To Net: NetName=NetR7_2 Pin=R8-1
Added Pin To Net: NetName=GND Pin=R8-2
Added Pin To Net: NetName=GND Pin=R8_2-1
Added Pin To Net: NetName=GND Pin=R9-1
Added Pin To Net: NetName=GND Pin=R9_2-1
Added Pin To Net: NetName=GND Pin=R10-1
Added Pin To Net: NetName=GND Pin=R11-2
Added Pin To Net: NetName=GND Pin=R12-2
Added Pin To Net: NetName=GND Pin=R13-2
Added Pin To Net: NetName=5V Pin=R?-2
Added Pin To Net: NetName=GND Pin=RJ_1-1
Added Pin To Net: NetName=GND Pin=RJ_5-1
Added Pin To Net: NetName=GND Pin=RRAM9-1
Added Pin To Net: NetName=GND Pin=SW1-2
Added Pin To Net: NetName=GND Pin=U2-3
Added Pin To Net: NetName=GND Pin=U2-9
Added Pin To Net: NetName=GND Pin=U2-29
Added Pin To Net: NetName=GND Pin=U2-69
Added Pin To Net: NetName=5V Pin=U5-1
Added Pin To Net: NetName=GND Pin=U5-2
Added Pin To Net: NetName=GND Pin=U6-4
Added Pin To Net: NetName=GND Pin=Y1-2
Added Pin To Net: NetName=+3.3 Pin=RJ_2-2
Added Pin To Net: NetName=+3.3 Pin=RU1-2
Added Net: Name=+3.3
Added Pin To Net: NetName=+5 Pin=CJ_2-2
Added Pin To Net: NetName=+5 Pin=J_1-2
Added Net: Name=+5
Added Net: Name=1.2V
Added Pin To Net: NetName=1.8V Pin=U2-8
Added Pin To Net: NetName=1.8V Pin=U2-25
Added Pin To Net: NetName=1.8V Pin=U2-31
Added Pin To Net: NetName=1.8V Pin=U2-44
Added Pin To Net: NetName=1.8V Pin=U2-66
Added Net: Name=1.8V
Added Net: Name=2.5V
Added Pin To Net: NetName=3.3V Pin=100MHZ CLK-4
Added Pin To Net: NetName=3.3V Pin=250 MHZ CLK-6
Added Pin To Net: NetName=3.3V Pin=300MHZ CLK-6
Added Pin To Net: NetName=3.3V Pin=C_CLK-1
Added Pin To Net: NetName=3.3V Pin=C_CLK_1-2
Added Pin To Net: NetName=3.3V Pin=C_CLK_3-2
Added Pin To Net: NetName=3.3V Pin=C_CLK_4-1
Added Pin To Net: NetName=3.3V Pin=C_CLK_t5-2
Added Pin To Net: NetName=3.3V Pin=C_CLKt-1
Added Pin To Net: NetName=3.3V Pin=C_FGPA9\-2
Added Pin To Net: NetName=3.3V Pin=C_FPGA1-2
Added Pin To Net: NetName=3.3V Pin=C_FPGA2-2
Added Pin To Net: NetName=3.3V Pin=C_FPGA3-2
Added Pin To Net: NetName=3.3V Pin=C_FPGA4-2
Added Pin To Net: NetName=3.3V Pin=C_FPGA5-2
Added Pin To Net: NetName=3.3V Pin=C_FPGA6-2
Added Pin To Net: NetName=3.3V Pin=C_FPGA7-2
Added Pin To Net: NetName=3.3V Pin=C_FPGA8-2
Added Pin To Net: NetName=3.3V Pin=C_FPGA_10-2
Added Net: Name=3.3V
Add Net: Net with name "3.3V" already exists
Add Net: Net with name "3.3V" already exists
Add Net: Net with name "3.3V" already exists
Added Pin To Net: NetName=100MHZ_CLK Pin=R_CLK1-1
Added Net: Name=100MHZ_CLK
Added Pin To Net: NetName=150MGHZ_CLK Pin=R_CLK2-1
Added Net: Name=150MGHZ_CLK
Added Pin To Net: NetName=150NMGHZ_CLK Pin=R_CLK3-1
Added Net: Name=150NMGHZ_CLK
Added Pin To Net: NetName=300MHZ_CLK Pin=R_CLK_5-1
Added Net: Name=300MHZ_CLK
Added Pin To Net: NetName=300NMHZ_CLK Pin=R_CLK_4-1
Added Net: Name=300NMHZ_CLK
Added Pin To Net: NetName=\ Pin=R4_t-1
Added Pin To Net: NetName=\ Pin=R_1-1
Added Pin To Net: NetName=\ Pin=R_?-1
Added Pin To Net: NetName=\ Pin=R_?-1
Added Pin To Net: NetName=\ Pin=R_?-2
Added Pin To Net: NetName=\ Pin=R_STDBY1-1
Added Pin To Net: NetName=\ Pin=R_STDBY_2-1
Added Pin To Net: NetName=\ Pin=reyetert-1
Added Pin To Net: NetName=\ Pin=RRAM-1
Added Pin To Net: NetName=\ Pin=RRAM2-1
Added Pin To Net: NetName=\ Pin=RRAM3-1
Added Pin To Net: NetName=\ Pin=RRAM5-1
Added Pin To Net: NetName=\ Pin=RRAM6-1
Added Pin To Net: NetName=\ Pin=RRAM?-1
Added Net: Name=\
Added Pin To Net: NetName=CC1 Pin=J1-A5
Added Pin To Net: NetName=CC1 Pin=R11-1
Added Pin To Net: NetName=CC1 Pin=U2-65
Added Net: Name=CC1
Added Pin To Net: NetName=CC2 Pin=J1-B5
Added Pin To Net: NetName=CC2 Pin=R13-1
Added Pin To Net: NetName=CC2 Pin=U2-62
Added Net: Name=CC2
Added Net: Name=FLASH_ASDO
Added Net: Name=FLASH_DATA0
Added Net: Name=FLASH_DCLK
Added Net: Name=FLASH_nCSO
Added Pin To Net: NetName=Floating Pin=P1-6
Added Pin To Net: NetName=Floating Pin=P1-7
Added Pin To Net: NetName=Floating Pin=P1-8
Added Pin To Net: NetName=Floating Pin=U2-32
Added Pin To Net: NetName=Floating Pin=U2-33
Added Net: Name=Floating
Added Net: Name=FPGA_CLK
Added Pin To Net: NetName=FPGA_DI Pin=R?-1
Added Net: Name=FPGA_DI
Added Net: Name=FPGA_DO
Added Net: Name=FPGA_MEM_A0
Added Net: Name=FPGA_MEM_A1
Added Net: Name=FPGA_MEM_A2
Added Net: Name=FPGA_MEM_A3
Added Net: Name=FPGA_MEM_A4
Added Net: Name=FPGA_MEM_A5
Added Net: Name=FPGA_MEM_A6
Added Net: Name=FPGA_MEM_A7
Added Net: Name=FPGA_MEM_A8
Added Net: Name=FPGA_MEM_A9
Added Net: Name=FPGA_MEM_A12
Added Net: Name=FPGA_MEM_BA0
Added Net: Name=FPGA_MEM_BA1
Added Pin To Net: NetName=FPGA_MEM_CAS_N Pin=RRAM5-2
Added Net: Name=FPGA_MEM_CAS_N
Added Net: Name=FPGA_MEM_CLK
Added Pin To Net: NetName=FPGA_MEM_CS_N Pin=RRAM?-2
Added Net: Name=FPGA_MEM_CS_N
Added Net: Name=FPGA_MEM_DQ0
Added Net: Name=FPGA_MEM_DQ1
Added Net: Name=FPGA_MEM_DQ2
Added Net: Name=FPGA_MEM_DQ3
Added Net: Name=FPGA_MEM_DQ4
Added Net: Name=FPGA_MEM_DQ5
Added Net: Name=FPGA_MEM_DQ6
Added Net: Name=FPGA_MEM_DQ7
Added Net: Name=FPGA_MEM_DQ8
Added Net: Name=FPGA_MEM_DQ9
Added Net: Name=FPGA_MEM_DQ10
Added Net: Name=FPGA_MEM_DQ11
Added Net: Name=FPGA_MEM_DQ12
Added Net: Name=FPGA_MEM_DQ13
Added Net: Name=FPGA_MEM_DQ14
Added Net: Name=FPGA_MEM_DQ15
Added Pin To Net: NetName=FPGA_MEM_LDQM Pin=RRAM2-2
Added Net: Name=FPGA_MEM_LDQM
Added Pin To Net: NetName=FPGA_MEM_RAS_N Pin=RRAM6-2
Added Net: Name=FPGA_MEM_RAS_N
Added Pin To Net: NetName=FPGA_MEM_UDQM Pin=RRAM-2
Added Net: Name=FPGA_MEM_UDQM
Added Pin To Net: NetName=FPGA_MEM_WE_N Pin=RRAM3-2
Added Net: Name=FPGA_MEM_WE_N
Added Pin To Net: NetName=I2C_CLK Pin=U2-1
Added Net: Name=I2C_CLK
Added Pin To Net: NetName=I2C_DATA Pin=U2-2
Added Net: Name=I2C_DATA
Added Pin To Net: NetName=IO1 Pin=M1_1-1
Added Pin To Net: NetName=IO1 Pin=R1_2-2
Added Net: Name=IO1
Added Pin To Net: NetName=IO2 Pin=M2_1-1
Added Pin To Net: NetName=IO2 Pin=R2_2-2
Added Net: Name=IO2
Added Pin To Net: NetName=IO3 Pin=M3_1-1
Added Pin To Net: NetName=IO3 Pin=R3_2-2
Added Net: Name=IO3
Added Pin To Net: NetName=IO4 Pin=M4_1-1
Added Pin To Net: NetName=IO4 Pin=R4_2-2
Added Net: Name=IO4
Added Pin To Net: NetName=IO5 Pin=M5_1-1
Added Pin To Net: NetName=IO5 Pin=R5_2-2
Added Net: Name=IO5
Added Pin To Net: NetName=IO6 Pin=M6_1-1
Added Pin To Net: NetName=IO6 Pin=R6_2-2
Added Net: Name=IO6
Added Pin To Net: NetName=IO7 Pin=M7_1-1
Added Pin To Net: NetName=IO7 Pin=R7_2-2
Added Net: Name=IO7
Added Pin To Net: NetName=IO8 Pin=M8_1-1
Added Pin To Net: NetName=IO8 Pin=R8_2-2
Added Net: Name=IO8
Added Pin To Net: NetName=IO9 Pin=M9_1-1
Added Pin To Net: NetName=IO9 Pin=R9_2-2
Added Net: Name=IO9
Added Pin To Net: NetName=MEM_CS Pin=R_?-1
Added Net: Name=MEM_CS
Added Pin To Net: NetName=Net3_1_1 Pin=3_1-1
Added Pin To Net: NetName=Net3_1_1 Pin=M3_1-3
Added Net: Name=Net3_1_1
Added Pin To Net: NetName=Net3_1_2 Pin=3_1-2
Added Pin To Net: NetName=Net3_1_2 Pin=R3_1-2
Added Net: Name=Net3_1_2
Added Pin To Net: NetName=Net100MHZ CLK_1 Pin=100MHZ CLK-1
Added Pin To Net: NetName=Net100MHZ CLK_1 Pin=R_STDBY1-2
Added Net: Name=Net100MHZ CLK_1
Added Pin To Net: NetName=Net100MHZ CLK_3 Pin=100MHZ CLK-3
Added Pin To Net: NetName=Net100MHZ CLK_3 Pin=R_CLK1-2
Added Net: Name=Net100MHZ CLK_3
Added Pin To Net: NetName=Net250 MHZ CLK_1 Pin=250 MHZ CLK-1
Added Pin To Net: NetName=Net250 MHZ CLK_1 Pin=R_STDBY_2-2
Added Net: Name=Net250 MHZ CLK_1
Added Pin To Net: NetName=Net250 MHZ CLK_4 Pin=250 MHZ CLK-4
Added Pin To Net: NetName=Net250 MHZ CLK_4 Pin=R_CLK2-2
Added Net: Name=Net250 MHZ CLK_4
Added Pin To Net: NetName=Net250 MHZ CLK_5 Pin=250 MHZ CLK-5
Added Pin To Net: NetName=Net250 MHZ CLK_5 Pin=R_CLK3-2
Added Net: Name=Net250 MHZ CLK_5
Added Pin To Net: NetName=Net300MHZ CLK_4 Pin=300MHZ CLK-4
Added Pin To Net: NetName=Net300MHZ CLK_4 Pin=R_CLK_4-2
Added Net: Name=Net300MHZ CLK_4
Added Pin To Net: NetName=Net300MHZ CLK_5 Pin=300MHZ CLK-5
Added Pin To Net: NetName=Net300MHZ CLK_5 Pin=R_CLK_5-2
Added Net: Name=Net300MHZ CLK_5
Added Pin To Net: NetName=NetD1_1_1 Pin=D1_1-1
Added Pin To Net: NetName=NetD1_1_1 Pin=M1_1-3
Added Net: Name=NetD1_1_1
Added Pin To Net: NetName=NetD1_1_2 Pin=D1_1-2
Added Pin To Net: NetName=NetD1_1_2 Pin=R1_1-2
Added Net: Name=NetD1_1_2
Added Pin To Net: NetName=NetD2_1_1 Pin=D2_1-1
Added Pin To Net: NetName=NetD2_1_1 Pin=M2_1-3
Added Net: Name=NetD2_1_1
Added Pin To Net: NetName=NetD2_1_2 Pin=D2_1-2
Added Pin To Net: NetName=NetD2_1_2 Pin=R2_1-2
Added Net: Name=NetD2_1_2
Added Pin To Net: NetName=NetD3_1 Pin=D3-1
Added Pin To Net: NetName=NetD3_1 Pin=R9-2
Added Net: Name=NetD3_1
Added Pin To Net: NetName=NetD4_1_1 Pin=D4_1-1
Added Pin To Net: NetName=NetD4_1_1 Pin=M4_1-3
Added Net: Name=NetD4_1_1
Added Pin To Net: NetName=NetD4_1_2 Pin=D4_1-2
Added Pin To Net: NetName=NetD4_1_2 Pin=R4_1-2
Added Net: Name=NetD4_1_2
Added Pin To Net: NetName=NetD4_1 Pin=D4-1
Added Pin To Net: NetName=NetD4_1 Pin=R10-2
Added Net: Name=NetD4_1
Added Pin To Net: NetName=NetD5_1_1 Pin=D5_1-1
Added Pin To Net: NetName=NetD5_1_1 Pin=M5_1-3
Added Net: Name=NetD5_1_1
Added Pin To Net: NetName=NetD5_1_2 Pin=D5_1-2
Added Pin To Net: NetName=NetD5_1_2 Pin=R5_1-2
Added Net: Name=NetD5_1_2
Added Pin To Net: NetName=NetD6_1_1 Pin=D6_1-1
Added Pin To Net: NetName=NetD6_1_1 Pin=M6_1-3
Added Net: Name=NetD6_1_1
Added Pin To Net: NetName=NetD6_1_2 Pin=D6_1-2
Added Pin To Net: NetName=NetD6_1_2 Pin=R6_1-2
Added Net: Name=NetD6_1_2
Added Pin To Net: NetName=NetD7_1_1 Pin=D7_1-1
Added Pin To Net: NetName=NetD7_1_1 Pin=M7_1-3
Added Net: Name=NetD7_1_1
Added Pin To Net: NetName=NetD7_1_2 Pin=D7_1-2
Added Pin To Net: NetName=NetD7_1_2 Pin=R7_1-2
Added Net: Name=NetD7_1_2
Added Pin To Net: NetName=NetD8_1_1 Pin=D8_1-1
Added Pin To Net: NetName=NetD8_1_1 Pin=M8_1-3
Added Net: Name=NetD8_1_1
Added Pin To Net: NetName=NetD8_1_2 Pin=D8_1-2
Added Pin To Net: NetName=NetD8_1_2 Pin=R8_1-2
Added Net: Name=NetD8_1_2
Added Pin To Net: NetName=NetD9_1_1 Pin=D9_1-1
Added Pin To Net: NetName=NetD9_1_1 Pin=M9_1-3
Added Net: Name=NetD9_1_1
Added Pin To Net: NetName=NetD9_1_2 Pin=D9_1-2
Added Pin To Net: NetName=NetD9_1_2 Pin=R9_1-2
Added Net: Name=NetD9_1_2
Added Pin To Net: NetName=NetDRAM_37 Pin=RRAM9-2
Added Net: Name=NetDRAM_37
Added Pin To Net: NetName=NetDS1_2 Pin=DS1-2
Added Pin To Net: NetName=NetDS1_2 Pin=RS1-1
Added Net: Name=NetDS1_2
Added Pin To Net: NetName=NetFLASH_MEM_1_3 Pin=R_?-2
Added Net: Name=NetFLASH_MEM_1_3
Added Pin To Net: NetName=NetFLASH_MEM_1_7 Pin=R_?-2
Added Net: Name=NetFLASH_MEM_1_7
Added Net: Name=NetIC1_7
Added Pin To Net: NetName=NetIC1_9 Pin=R4_t-2
Added Net: Name=NetIC1_9
Added Net: Name=NetIC1_10
Added Net: Name=NetIC1_11
Added Pin To Net: NetName=NetIC1_14 Pin=R_1-2
Added Net: Name=NetIC1_14
Added Net: Name=NetIC1_15
Added Net: Name=NetIC1_16
Added Net: Name=NetIC1_18
Added Net: Name=NetIC1_20
Added Net: Name=NetIC1_28
Added Net: Name=NetIC1_31
Added Net: Name=NetIC1_32
Added Net: Name=NetIC1_33
Added Net: Name=NetIC1_39
Added Net: Name=NetIC1_42
Added Net: Name=NetIC1_43
Added Net: Name=NetIC1_44
Added Net: Name=NetIC1_49
Added Net: Name=NetIC1_50
Added Net: Name=NetIC1_51
Added Net: Name=NetIC1_58
Added Net: Name=NetIC1_59
Added Net: Name=NetIC1_60
Added Net: Name=NetIC1_61
Added Net: Name=NetIC1_65
Added Net: Name=NetIC1_66
Added Net: Name=NetIC1_67
Added Net: Name=NetIC1_68
Added Net: Name=NetIC1_69
Added Net: Name=NetIC1_72
Added Net: Name=NetIC1_76
Added Net: Name=NetIC1_80
Added Net: Name=NetIC1_83
Added Net: Name=NetIC1_85
Added Net: Name=NetIC1_86
Added Pin To Net: NetName=NetIC1_92 Pin=reyetert-2
Added Net: Name=NetIC1_92
Added Net: Name=NetIC1_98
Added Net: Name=NetIC1_99
Added Net: Name=NetIC1_100
Added Net: Name=NetIC1_101
Added Net: Name=NetIC1_103
Added Net: Name=NetIC1_105
Added Net: Name=NetIC1_106
Added Net: Name=NetIC1_119
Added Net: Name=NetIC1_120
Added Net: Name=NetIC1_121
Added Net: Name=NetIC1_132
Added Net: Name=NetIC1_133
Added Net: Name=NetIC1_134
Added Net: Name=NetIC1_135
Added Net: Name=NetIC1_136
Added Net: Name=NetIC1_137
Added Net: Name=NetIC1_141
Added Net: Name=NetIC1_142
Added Net: Name=NetIC1_143
Added Net: Name=NetIC1_144
Added Pin To Net: NetName=NetJ1_A6 Pin=J1-A6
Added Pin To Net: NetName=NetJ1_A6 Pin=J1-B6
Added Net: Name=NetJ1_A6
Added Pin To Net: NetName=NetJ1_A7 Pin=J1-A7
Added Pin To Net: NetName=NetJ1_A7 Pin=J1-B7
Added Net: Name=NetJ1_A7
Added Pin To Net: NetName=NetR12_1 Pin=R12-1
Added Pin To Net: NetName=NetR12_1 Pin=U2-60
Added Net: Name=NetR12_1
Added Pin To Net: NetName=NetR?_1 Pin=R?-1
Added Pin To Net: NetName=NetR?_1 Pin=U5-3
Added Net: Name=NetR?_1
Added Pin To Net: NetName=NetR?_2 Pin=R?-2
Added Net: Name=NetR?_2
Added Pin To Net: NetName=nSRST Pin=P1-5
Added Pin To Net: NetName=nSRST Pin=P1-9
Added Pin To Net: NetName=nSRST Pin=P2-2
Added Pin To Net: NetName=nSRST Pin=P2-3
Added Pin To Net: NetName=nSRST Pin=P2-9
Added Pin To Net: NetName=nSRST Pin=P2-10
Added Pin To Net: NetName=nSRST Pin=RJ_2-1
Added Pin To Net: NetName=nSRST Pin=U2-13
Added Pin To Net: NetName=nSRST Pin=U2-18
Added Pin To Net: NetName=nSRST Pin=U2-20
Added Pin To Net: NetName=nSRST Pin=U2-22
Added Net: Name=nSRST
Added Pin To Net: NetName=Reset Pin=RU1-1
Added Pin To Net: NetName=Reset Pin=SW1-1
Added Pin To Net: NetName=Reset Pin=U2-4
Added Net: Name=Reset
Added Pin To Net: NetName=SUSPEND# Pin=DS1-1
Added Pin To Net: NetName=SUSPEND# Pin=U2-43
Added Net: Name=SUSPEND#
Added Pin To Net: NetName=SVBUS Pin=RJ_4-2
Added Pin To Net: NetName=SVBUS Pin=RJ_5-2
Added Pin To Net: NetName=SVBUS Pin=U2-63
Added Net: Name=SVBUS
Added Pin To Net: NetName=TCK/SCK Pin=P1-1
Added Pin To Net: NetName=TCK/SCK Pin=P2-5
Added Pin To Net: NetName=TCK/SCK Pin=RJ_1-2
Added Pin To Net: NetName=TCK/SCK Pin=RU_1-2
Added Pin To Net: NetName=TCK/SCK Pin=U2-6
Added Net: Name=TCK/SCK
Added Pin To Net: NetName=TDI/DO Pin=RU_2-2
Added Pin To Net: NetName=TDI/DO Pin=U2-7
Added Net: Name=TDI/DO
Added Pin To Net: NetName=TDO/DI Pin=U2-11
Added Net: Name=TDO/DI
Added Pin To Net: NetName=TDO Pin=P1-3
Added Pin To Net: NetName=TDO Pin=P2-7
Added Pin To Net: NetName=TDO Pin=U2-19
Added Net: Name=TDO
Added Pin To Net: NetName=TMS/CS Pin=RU_3-2
Added Pin To Net: NetName=TMS/CS Pin=U2-12
Added Net: Name=TMS/CS
Added Pin To Net: NetName=USB_DM Pin=U2-58
Added Net: Name=USB_DM
Added Pin To Net: NetName=USB_DP Pin=U2-59
Added Net: Name=USB_DP
Added Pin To Net: NetName=VCC Pin=U6-3
Added Net: Name=VCC
Added Pin To Net: NetName=VUSB Pin=CJ_1-2
Added Pin To Net: NetName=VUSB Pin=J1-A4
Added Pin To Net: NetName=VUSB Pin=J1-A9
Added Pin To Net: NetName=VUSB Pin=J1-B4
Added Pin To Net: NetName=VUSB Pin=J1-B9
Added Pin To Net: NetName=VUSB Pin=J_1-1
Added Pin To Net: NetName=VUSB Pin=RJ_4-1
Added Net: Name=VUSB
Added Pin To Net: NetName=XTAL_IN Pin=U2-27
Added Pin To Net: NetName=XTAL_IN Pin=Y1-3
Added Net: Name=XTAL_IN
Added Class: Name=Connectors
Added Class: Name=IOs
Added Class: Name=MCU
Added Class: Name=Memory
Add Differential Pair: Number of nets in differential pair NetJ1_A6 is 1 instead of 2
Add Differential Pair: Number of nets in differential pair NetJ1_A7 is 1 instead of 2
Added Member To Class: ClassName=FPGA1 Member=Component 100MHZ CLK ASEM1-100.000MHZ-LC-T
Added Member To Class: ClassName=FPGA1 Member=Component 250 MHZ CLK SG3225VAN 250.000000M-KEGA3
Added Member To Class: ClassName=FPGA1 Member=Component 300MHZ CLK XLL725300.000000I
Added Member To Class: ClassName=Power Member=Component C7 GRT21BR61E226ME13L
Added Member To Class: ClassName=Power Member=Component C8 GRT21BR61E226ME13L
Added Member To Class: ClassName=Power Member=Component C9 GRT21BR61E226ME13L
Added Member To Class: ClassName=Power Member=Component C10 GRT21BR61E226ME13L
Added Member To Class: ClassName=USB_PHY Member=Component C? C1608X5R1H105K080AB
Added Member To Class: ClassName=FPGA1 Member=Component C_CLK_1 C0805C105K8PACTU
Added Member To Class: ClassName=FPGA1 Member=Component C_CLK_3 C0805C105K8PACTU
Added Member To Class: ClassName=FPGA1 Member=Component C_CLK_4 GRM033C71C104KE14D
Added Member To Class: ClassName=FPGA1 Member=Component C_CLK_t5 C0805C105K8PACTU
Added Member To Class: ClassName=FPGA1 Member=Component C_CLK GRM033C71C104KE14D
Added Member To Class: ClassName=FPGA1 Member=Component C_CLKt GRM033C71C104KE14D
Added Member To Class: ClassName=FPGA1 Member=Component C_FGPA9\ C0402C104Z8VACTU
Added Member To Class: ClassName=FPGA1 Member=Component C_FPGA1 C0402C104Z8VACTU
Added Member To Class: ClassName=FPGA1 Member=Component C_FPGA2 C0402C104Z8VACTU
Added Member To Class: ClassName=FPGA1 Member=Component C_FPGA3 C0402C104Z8VACTU
Added Member To Class: ClassName=FPGA1 Member=Component C_FPGA4 C0402C104Z8VACTU
Added Member To Class: ClassName=FPGA1 Member=Component C_FPGA5 C0402C104Z8VACTU
Added Member To Class: ClassName=FPGA1 Member=Component C_FPGA6 C0402C104Z8VACTU
Added Member To Class: ClassName=FPGA1 Member=Component C_FPGA7 C0402C104Z8VACTU
Added Member To Class: ClassName=FPGA1 Member=Component C_FPGA8 C0402C104Z8VACTU
Added Member To Class: ClassName=FPGA1 Member=Component C_FPGA_10 C0402C104Z8VACTU
Added Member To Class: ClassName=USB_PHY Member=Component CJ_1 100nF
Added Member To Class: ClassName=USB_PHY Member=Component CJ_2 100nF
Added Member To Class: ClassName=USB_PHY Member=Component CU_1 100nF
Added Member To Class: ClassName=Power Member=Component D1 SZMMSZ4678T1G
Added Member To Class: ClassName=Power Member=Component D2 MMBZ5223BLT1G
Added Member To Class: ClassName=Power Member=Component D3 150060VS75000
Added Member To Class: ClassName=Power Member=Component D4 150060VS75000
Added Member To Class: ClassName=USB_PHY Member=Component DS1 LTST-C190GKT
Add Class Member: Failed to add class member : Component IC1 10CL016YE144C8G
Added Member To Class: ClassName=USB_PHY Member=Component J1 USB4085-GF-A
Added Member To Class: ClassName=USB_PHY Member=Component J_1 120 R
Added Member To Class: ClassName=Power Member=Component L1 MLP2012H2R2MT0S1
Added Member To Class: ClassName=Power Member=Component L2 MLP2012H2R2MT0S1
Added Member To Class: ClassName=USB_PHY Member=Component P1 61201021621
Added Member To Class: ClassName=USB_PHY Member=Component P2 61201021621
Added Member To Class: ClassName=Power Member=Component R1 ERJ-2RKF2003X
Added Member To Class: ClassName=Power Member=Component R2 RC0402FR-07100KL
Added Member To Class: ClassName=Power Member=Component R3 AC0402FR-0795K3L
Added Member To Class: ClassName=FPGA1 Member=Component R4_t RT0402BRE0710KL
Added Member To Class: ClassName=Power Member=Component R4 RC0402FR-07100KL
Added Member To Class: ClassName=Power Member=Component R5 RC0402FR-07100KL
Added Member To Class: ClassName=Power Member=Component R6 ERJ-2RKF2003X
Added Member To Class: ClassName=Power Member=Component R7 RC0402FR-0744K2L
Added Member To Class: ClassName=Power Member=Component R8 RC0402FR-0720KL
Added Member To Class: ClassName=Power Member=Component R9 RC0603FR-0710KL
Added Member To Class: ClassName=Power Member=Component R10 RC0603FR-0710KL
Added Member To Class: ClassName=USB_PHY Member=Component R11 MCRE000157
Added Member To Class: ClassName=USB_PHY Member=Component R12 ERJ-2RKF1202X
Added Member To Class: ClassName=USB_PHY Member=Component R13 MCRE000157
Added Member To Class: ClassName=USB_PHY Member=Component R? RC0603FR-0710KL
Added Member To Class: ClassName=FPGA1 Member=Component R_1 RT0402BRE0710KL
Added Member To Class: ClassName=FPGA1 Member=Component R_CLK1 CRCW080522R0JNTA
Added Member To Class: ClassName=FPGA1 Member=Component R_CLK2 CRCW080522R0JNTA
Added Member To Class: ClassName=FPGA1 Member=Component R_CLK3 CRCW080522R0JNTA
Added Member To Class: ClassName=FPGA1 Member=Component R_CLK_4 CRCW080522R0JNTA
Added Member To Class: ClassName=FPGA1 Member=Component R_CLK_5 CRCW080522R0JNTA
Added Member To Class: ClassName=FPGA1 Member=Component R_STDBY1 RT0402BRE0710KL
Added Member To Class: ClassName=FPGA1 Member=Component R_STDBY_2 RT0402BRE0710KL
Added Member To Class: ClassName=FPGA1 Member=Component reyetert RT0402BRE0710KL
Added Member To Class: ClassName=USB_PHY Member=Component RJ_1 10kO
Added Member To Class: ClassName=USB_PHY Member=Component RJ_2 10kO
Added Member To Class: ClassName=USB_PHY Member=Component RJ_4 665kO
Added Member To Class: ClassName=USB_PHY Member=Component RJ_5 100kO
Added Member To Class: ClassName=USB_PHY Member=Component RS1 1.2kO
Added Member To Class: ClassName=USB_PHY Member=Component RU1 10kO
Added Member To Class: ClassName=USB_PHY Member=Component RU_1 MCSR04X33R0FTL
Added Member To Class: ClassName=USB_PHY Member=Component RU_2 MCSR04X33R0FTL
Added Member To Class: ClassName=USB_PHY Member=Component RU_3 MCSR04X33R0FTL
Added Member To Class: ClassName=USB_PHY Member=Component SW1 B3U-1000P
Added Member To Class: ClassName=USB_PHY Member=Component U2 FT2232HPQ-TRAY
Added Member To Class: ClassName=USB_PHY Member=Component U5 TLV73333PDBVR
Added Member To Class: ClassName=USB_PHY Member=Component Y1 ECS-2033-120-BN
Added Rule: Name=Schematic Supply Nets_1
Added Rule: Name=Schematic Supply Nets_2
Added Rule: Name=Schematic Supply Nets_3
Added Rule: Name=Schematic Supply Nets_4
Added Rule: Name=Schematic Supply Nets_5
Added Rule: Name=Schematic Supply Nets_6
